TimeStamp (s),GlbAccX (m/s^2),GlbAccY (m/s^2),GlbAccZ (m/s^2),GlbVelX (m/s),GlbVelY (m/s),GlbVelZ (m/s),GlbPosX (m),GlbPosY (m),GlbPosZ (m)
0.0,0.0,0.0,0.0,0.0,0.0,0.0,0.0,0.0,0.0
0.01,0.0,0.0,0.0,0.0,0.0,0.0,0.0,0.0,0.0
0.02,0.0,0.0,0.0,0.0,0.0,0.0,0.0,0.0,0.0
0.03,0.0,0.0,0.0,0.0,0.0,0.0,0.0,0.0,0.0
0.04,0.0,0.0,0.0,0.0,0.0,0.0,0.0,0.0,0.0
0.05,0.0,0.0,0.0,0.0,0.0,0.0,0.0,0.0,0.0
0.06,0.0,0.0,0.0,0.0,0.0,0.0,0.0,0.0,0.0
0.07,0.0,0.0,0.0,0.0,0.0,0.0,0.0,0.0,0.0
0.08,0.0,0.0,0.0,0.0,0.0,0.0,0.0,0.0,0.0
0.09,0.0,0.0,0.0,0.0,0.0,0.0,0.0,0.0,0.0
0.1,0.0,0.0,0.0,0.0,0.0,0.0,0.0,0.0,0.0
0.11,0.0,0.0,0.0,0.0,0.0,0.0,0.0,0.0,0.0
0.12,0.0,0.0,0.0,0.0,0.0,0.0,0.0,0.0,0.0
0.13,0.0,0.0,0.0,0.0,0.0,0.0,0.0,0.0,0.0
0.14,0.0,0.0,0.0,0.0,0.0,0.0,0.0,0.0,0.0
0.15,0.0,0.0,0.0,0.0,0.0,0.0,0.0,0.0,0.0
0.16,0.0,0.0,0.0,0.0,0.0,0.0,0.0,0.0,0.0
0.17,0.0,0.0,0.0,0.0,0.0,0.0,0.0,0.0,0.0
0.18,0.0,0.0,0.0,0.0,0.0,0.0,0.0,0.0,0.0
0.19,0.0,0.0,0.0,0.0,0.0,0.0,0.0,0.0,0.0
0.2,0.0,0.0,0.0,0.0,0.0,0.0,0.0,0.0,0.0
0.21,0.0,0.0,0.0,0.0,0.0,0.0,0.0,0.0,0.0
0.22,0.0,0.0,0.0,0.0,0.0,0.0,0.0,0.0,0.0
0.23,0.0,0.0,0.0,0.0,0.0,0.0,0.0,0.0,0.0
0.24,0.0,0.0,0.0,0.0,0.0,0.0,0.0,0.0,0.0
0.25,0.0,0.0,0.0,0.0,0.0,0.0,0.0,0.0,0.0
0.26,0.0,0.0,0.0,0.0,0.0,0.0,0.0,0.0,0.0
0.27,0.0,0.0,0.0,0.0,0.0,0.0,0.0,0.0,0.0
0.28,0.0,0.0,0.0,0.0,0.0,0.0,0.0,0.0,0.0
0.29,0.0,0.0,0.0,0.0,0.0,0.0,0.0,0.0,0.0
0.3,0.0,0.0,0.0,0.0,0.0,0.0,0.0,0.0,0.0
0.31,0.0,0.0,0.0,0.0,0.0,0.0,0.0,0.0,0.0
0.32,0.0,0.0,0.0,0.0,0.0,0.0,0.0,0.0,0.0
0.33,0.0,0.0,0.0,0.0,0.0,0.0,0.0,0.0,0.0
0.34,0.0,0.0,0.0,0.0,0.0,0.0,0.0,0.0,0.0
0.35,0.0,0.0,0.0,0.0,0.0,0.0,0.0,0.0,0.0
0.36,0.0,0.0,0.0,0.0,0.0,0.0,0.0,0.0,0.0
0.37,0.0,0.0,0.0,0.0,0.0,0.0,0.0,0.0,0.0
0.38,0.0,0.0,0.0,0.0,0.0,0.0,0.0,0.0,0.0
0.39,0.0,0.0,0.0,0.0,0.0,0.0,0.0,0.0,0.0
0.4,0.0,0.0,0.0,0.0,0.0,0.0,0.0,0.0,0.0
0.41,0.0,0.0,0.0,0.0,0.0,0.0,0.0,0.0,0.0
0.42,0.0,0.0,0.0,0.0,0.0,0.0,0.0,0.0,0.0
0.43,0.0,0.0,0.0,0.0,0.0,0.0,0.0,0.0,0.0
0.44,0.0,0.0,0.0,0.0,0.0,0.0,0.0,0.0,0.0
0.45,0.0,0.0,0.0,0.0,0.0,0.0,0.0,0.0,0.0
0.46,0.0,0.0,0.0,0.0,0.0,0.0,0.0,0.0,0.0
0.47,0.0,0.0,0.0,0.0,0.0,0.0,0.0,0.0,0.0
0.48,0.0,0.0,0.0,0.0,0.0,0.0,0.0,0.0,0.0
0.49,0.0,0.0,0.0,0.0,0.0,0.0,0.0,0.0,0.0
0.5,0.0,0.0,0.0,0.0,0.0,0.0,0.0,0.0,0.0
0.51,0.0,0.0,0.0,0.0,0.0,0.0,0.0,0.0,0.0
0.52,0.0,0.0,0.0,0.0,0.0,0.0,0.0,0.0,0.0
0.53,0.0,0.0,0.0,0.0,0.0,0.0,0.0,0.0,0.0
0.54,0.0,0.0,0.0,0.0,0.0,0.0,0.0,0.0,0.0
0.55,0.0,0.0,0.0,0.0,0.0,0.0,0.0,0.0,0.0
0.56,0.0,0.0,0.0,0.0,0.0,0.0,0.0,0.0,0.0
0.57,0.0,0.0,0.0,0.0,0.0,0.0,0.0,0.0,0.0
0.58,0.0,0.0,0.0,0.0,0.0,0.0,0.0,0.0,0.0
0.59,0.0,0.0,0.0,0.0,0.0,0.0,0.0,0.0,0.0
0.6,0.0,0.0,0.0,0.0,0.0,0.0,0.0,0.0,0.0
0.61,0.0,0.0,0.0,0.0,0.0,0.0,0.0,0.0,0.0
0.62,0.0,0.0,0.0,0.0,0.0,0.0,0.0,0.0,0.0
0.63,0.0,0.0,0.0,0.0,0.0,0.0,0.0,0.0,0.0
0.64,0.0,0.0,0.0,0.0,0.0,0.0,0.0,0.0,0.0
0.65,0.0,0.0,0.0,0.0,0.0,0.0,0.0,0.0,0.0
0.66,0.0,0.0,0.0,0.0,0.0,0.0,0.0,0.0,0.0
0.67,0.0,0.0,0.0,0.0,0.0,0.0,0.0,0.0,0.0
0.68,0.0,0.0,0.0,0.0,0.0,0.0,0.0,0.0,0.0
0.69,0.0,0.0,0.0,0.0,0.0,0.0,0.0,0.0,0.0
0.7,0.0,0.0,0.0,0.0,0.0,0.0,0.0,0.0,0.0
0.71,0.0,0.0,0.0,0.0,0.0,0.0,0.0,0.0,0.0
0.72,0.0,0.0,0.0,0.0,0.0,0.0,0.0,0.0,0.0
0.73,0.0,0.0,0.0,0.0,0.0,0.0,0.0,0.0,0.0
0.74,0.0,0.0,0.0,0.0,0.0,0.0,0.0,0.0,0.0
0.75,0.0,0.0,0.0,0.0,0.0,0.0,0.0,0.0,0.0
0.76,0.0,0.0,0.0,0.0,0.0,0.0,0.0,0.0,0.0
0.77,0.0,0.0,0.0,0.0,0.0,0.0,0.0,0.0,0.0
0.78,0.0,0.0,0.0,0.0,0.0,0.0,0.0,0.0,0.0
0.79,0.0,0.0,0.0,0.0,0.0,0.0,0.0,0.0,0.0
0.8,0.0,0.0,0.0,0.0,0.0,0.0,0.0,0.0,0.0
0.81,0.0,0.0,0.0,0.0,0.0,0.0,0.0,0.0,0.0
0.82,0.0,0.0,0.0,0.0,0.0,0.0,0.0,0.0,0.0
0.83,0.0,0.0,0.0,0.0,0.0,0.0,0.0,0.0,0.0
0.84,0.0,0.0,0.0,0.0,0.0,0.0,0.0,0.0,0.0
0.85,0.0,0.0,0.0,0.0,0.0,0.0,0.0,0.0,0.0
0.86,0.0,0.0,0.0,0.0,0.0,0.0,0.0,0.0,0.0
0.87,0.0,0.0,0.0,0.0,0.0,0.0,0.0,0.0,0.0
0.88,0.0,0.0,0.0,0.0,0.0,0.0,0.0,0.0,0.0
0.89,0.0,0.0,0.0,0.0,0.0,0.0,0.0,0.0,0.0
0.9,0.0,0.0,0.0,0.0,0.0,0.0,0.0,0.0,0.0
0.91,0.0,0.0,0.0,0.0,0.0,0.0,0.0,0.0,0.0
0.92,0.0,0.0,0.0,0.0,0.0,0.0,0.0,0.0,0.0
0.93,0.0,0.0,0.0,0.0,0.0,0.0,0.0,0.0,0.0
0.94,0.0,0.0,0.0,0.0,0.0,0.0,0.0,0.0,0.0
0.95,0.0,0.0,0.0,0.0,0.0,0.0,0.0,0.0,0.0
0.96,0.0,0.0,0.0,0.0,0.0,0.0,0.0,0.0,0.0
0.97,0.0,0.0,0.0,0.0,0.0,0.0,0.0,0.0,0.0
0.98,0.0,0.0,0.0,0.0,0.0,0.0,0.0,0.0,0.0
0.99,0.0,0.0,0.0,0.0,0.0,0.0,0.0,0.0,0.0
1.0,0.0,0.0,0.0,0.0,0.0,0.0,0.0,0.0,0.0
1.01,0.0,0.0,0.0,0.0,0.0,0.0,0.0,0.0,0.0
1.02,0.0,0.0,0.0,0.0,0.0,0.0,0.0,0.0,0.0
1.03,0.0,0.0,0.0,0.0,0.0,0.0,0.0,0.0,0.0
1.04,0.0,0.0,0.0,0.0,0.0,0.0,0.0,0.0,0.0
1.05,0.0,0.0,0.0,0.0,0.0,0.0,0.0,0.0,0.0
1.06,0.0,0.0,0.0,0.0,0.0,0.0,0.0,0.0,0.0
1.07,0.0,0.0,0.0,0.0,0.0,0.0,0.0,0.0,0.0
1.08,0.0,0.0,0.0,0.0,0.0,0.0,0.0,0.0,0.0
1.09,0.0,0.0,0.0,0.0,0.0,0.0,0.0,0.0,0.0
1.1,0.0,0.0,0.0,0.0,0.0,0.0,0.0,0.0,0.0
1.11,0.0,0.0,0.0,0.0,0.0,0.0,0.0,0.0,0.0
1.12,0.0,0.0,0.0,0.0,0.0,0.0,0.0,0.0,0.0
1.13,0.0,0.0,0.0,0.0,0.0,0.0,0.0,0.0,0.0
1.14,0.0,0.0,0.0,0.0,0.0,0.0,0.0,0.0,0.0
1.15,0.0,0.0,0.0,0.0,0.0,0.0,0.0,0.0,0.0
1.16,0.0,0.0,0.0,0.0,0.0,0.0,0.0,0.0,0.0
1.17,0.0,0.0,0.0,0.0,0.0,0.0,0.0,0.0,0.0
1.18,0.0,0.0,0.0,0.0,0.0,0.0,0.0,0.0,0.0
1.19,0.0,0.0,0.0,0.0,0.0,0.0,0.0,0.0,0.0
1.2,0.0,0.0,0.0,0.0,0.0,0.0,0.0,0.0,0.0
1.21,0.0,0.0,0.0,0.0,0.0,0.0,0.0,0.0,0.0
1.22,0.0,0.0,0.0,0.0,0.0,0.0,0.0,0.0,0.0
1.23,0.0,0.0,0.0,0.0,0.0,0.0,0.0,0.0,0.0
1.24,0.0,0.0,0.0,0.0,0.0,0.0,0.0,0.0,0.0
1.25,0.0,0.0,0.0,0.0,0.0,0.0,0.0,0.0,0.0
1.26,0.0,0.0,0.0,0.0,0.0,0.0,0.0,0.0,0.0
1.27,0.0,0.0,0.0,0.0,0.0,0.0,0.0,0.0,0.0
1.28,0.0,0.0,0.0,0.0,0.0,0.0,0.0,0.0,0.0
1.29,0.0,0.0,0.0,0.0,0.0,0.0,0.0,0.0,0.0
1.3,0.0,0.0,0.0,0.0,0.0,0.0,0.0,0.0,0.0
1.31,0.0,0.0,0.0,0.0,0.0,0.0,0.0,0.0,0.0
1.32,0.0,0.0,0.0,0.0,0.0,0.0,0.0,0.0,0.0
1.33,0.0,0.0,0.0,0.0,0.0,0.0,0.0,0.0,0.0
1.34,0.0,0.0,0.0,0.0,0.0,0.0,0.0,0.0,0.0
1.35,0.0,0.0,0.0,0.0,0.0,0.0,0.0,0.0,0.0
1.36,0.0,0.0,0.0,0.0,0.0,0.0,0.0,0.0,0.0
1.37,0.0,0.0,0.0,0.0,0.0,0.0,0.0,0.0,0.0
1.38,0.0,0.0,0.0,0.0,0.0,0.0,0.0,0.0,0.0
1.39,0.0,0.0,0.0,0.0,0.0,0.0,0.0,0.0,0.0
1.4,0.0,0.0,0.0,0.0,0.0,0.0,0.0,0.0,0.0
1.41,0.0,0.0,0.0,0.0,0.0,0.0,0.0,0.0,0.0
1.42,0.0,0.0,0.0,0.0,0.0,0.0,0.0,0.0,0.0
1.43,0.0,0.0,0.0,0.0,0.0,0.0,0.0,0.0,0.0
1.44,0.0,0.0,0.0,0.0,0.0,0.0,0.0,0.0,0.0
1.45,0.0,0.0,0.0,0.0,0.0,0.0,0.0,0.0,0.0
1.46,0.0,0.0,0.0,0.0,0.0,0.0,0.0,0.0,0.0
1.47,0.0,0.0,0.0,0.0,0.0,0.0,0.0,0.0,0.0
1.48,0.0,0.0,0.0,0.0,0.0,0.0,0.0,0.0,0.0
1.49,0.0,0.0,0.0,0.0,0.0,0.0,0.0,0.0,0.0
1.5,0.0,0.0,0.0,0.0,0.0,0.0,0.0,0.0,0.0
1.51,0.0,0.0,0.0,0.0,0.0,0.0,0.0,0.0,0.0
1.52,0.0,0.0,0.0,0.0,0.0,0.0,0.0,0.0,0.0
1.53,0.0,0.0,0.0,0.0,0.0,0.0,0.0,0.0,0.0
1.54,0.0,0.0,0.0,0.0,0.0,0.0,0.0,0.0,0.0
1.55,0.0,0.0,0.0,0.0,0.0,0.0,0.0,0.0,0.0
1.56,0.0,0.0,0.0,0.0,0.0,0.0,0.0,0.0,0.0
1.57,0.0,0.0,0.0,0.0,0.0,0.0,0.0,0.0,0.0
1.58,0.0,0.0,0.0,0.0,0.0,0.0,0.0,0.0,0.0
1.59,0.0,0.0,0.0,0.0,0.0,0.0,0.0,0.0,0.0
1.6,0.0,0.0,0.0,0.0,0.0,0.0,0.0,0.0,0.0
1.61,0.0,0.0,0.0,0.0,0.0,0.0,0.0,0.0,0.0
1.62,0.0,0.0,0.0,0.0,0.0,0.0,0.0,0.0,0.0
1.63,0.0,0.0,0.0,0.0,0.0,0.0,0.0,0.0,0.0
1.64,0.0,0.0,0.0,0.0,0.0,0.0,0.0,0.0,0.0
1.65,0.0,0.0,0.0,0.0,0.0,0.0,0.0,0.0,0.0
1.66,0.0,0.0,0.0,0.0,0.0,0.0,0.0,0.0,0.0
1.67,0.0,0.0,0.0,0.0,0.0,0.0,0.0,0.0,0.0
1.68,0.0,0.0,0.0,0.0,0.0,0.0,0.0,0.0,0.0
1.69,0.0,0.0,0.0,0.0,0.0,0.0,0.0,0.0,0.0
1.7,0.0,0.0,0.0,0.0,0.0,0.0,0.0,0.0,0.0
1.71,0.0,0.0,0.0,0.0,0.0,0.0,0.0,0.0,0.0
1.72,0.0,0.0,0.0,0.0,0.0,0.0,0.0,0.0,0.0
1.73,0.0,0.0,0.0,0.0,0.0,0.0,0.0,0.0,0.0
1.74,0.0,0.0,0.0,0.0,0.0,0.0,0.0,0.0,0.0
1.75,0.0,0.0,0.0,0.0,0.0,0.0,0.0,0.0,0.0
1.76,0.0,0.0,0.0,0.0,0.0,0.0,0.0,0.0,0.0
1.77,0.0,0.0,0.0,0.0,0.0,0.0,0.0,0.0,0.0
1.78,0.0,0.0,0.0,0.0,0.0,0.0,0.0,0.0,0.0
1.79,0.0,0.0,0.0,0.0,0.0,0.0,0.0,0.0,0.0
1.8,0.0,0.0,0.0,0.0,0.0,0.0,0.0,0.0,0.0
1.81,0.0,0.0,0.0,0.0,0.0,0.0,0.0,0.0,0.0
1.82,0.0,0.0,0.0,0.0,0.0,0.0,0.0,0.0,0.0
1.83,0.0,0.0,0.0,0.0,0.0,0.0,0.0,0.0,0.0
1.84,0.0,0.0,0.0,0.0,0.0,0.0,0.0,0.0,0.0
1.85,0.0,0.0,0.0,0.0,0.0,0.0,0.0,0.0,0.0
1.86,0.0,0.0,0.0,0.0,0.0,0.0,0.0,0.0,0.0
1.87,0.0,0.0,0.0,0.0,0.0,0.0,0.0,0.0,0.0
1.88,0.0,0.0,0.0,0.0,0.0,0.0,0.0,0.0,0.0
1.89,0.0,0.0,0.0,0.0,0.0,0.0,0.0,0.0,0.0
1.9,0.0,0.0,0.0,0.0,0.0,0.0,0.0,0.0,0.0
1.91,0.0,0.0,0.0,0.0,0.0,0.0,0.0,0.0,0.0
1.92,0.0,0.0,0.0,0.0,0.0,0.0,0.0,0.0,0.0
1.93,0.0,0.0,0.0,0.0,0.0,0.0,0.0,0.0,0.0
1.94,0.0,0.0,0.0,0.0,0.0,0.0,0.0,0.0,0.0
1.95,0.0,0.0,0.0,0.0,0.0,0.0,0.0,0.0,0.0
1.96,0.0,0.0,0.0,0.0,0.0,0.0,0.0,0.0,0.0
1.97,0.0,0.0,0.0,0.0,0.0,0.0,0.0,0.0,0.0
1.98,0.0,0.0,0.0,0.0,0.0,0.0,0.0,0.0,0.0
1.99,0.0,0.0,0.0,0.0,0.0,0.0,0.0,0.0,0.0
2.0,0.0,0.0,0.0,0.0,0.0,0.0,0.0,0.0,0.0
2.01,0.0,0.0,0.0,0.0,0.0,0.0,0.0,0.0,0.0
2.02,0.0,0.0,0.0,0.0,0.0,0.0,0.0,0.0,0.0
2.03,0.0,0.0,0.0,0.0,0.0,0.0,0.0,0.0,0.0
2.04,0.0,0.0,0.0,0.0,0.0,0.0,0.0,0.0,0.0
2.05,0.0,0.0,0.0,0.0,0.0,0.0,0.0,0.0,0.0
2.06,0.0,0.0,0.0,0.0,0.0,0.0,0.0,0.0,0.0
2.07,0.0,0.0,0.0,0.0,0.0,0.0,0.0,0.0,0.0
2.08,0.0,0.0,0.0,0.0,0.0,0.0,0.0,0.0,0.0
2.09,0.0,0.0,0.0,0.0,0.0,0.0,0.0,0.0,0.0
2.1,0.0,0.0,0.0,0.0,0.0,0.0,0.0,0.0,0.0
2.11,0.0,0.0,0.0,0.0,0.0,0.0,0.0,0.0,0.0
2.12,0.0,0.0,0.0,0.0,0.0,0.0,0.0,0.0,0.0
2.13,0.0,0.0,0.0,0.0,0.0,0.0,0.0,0.0,0.0
2.14,0.0,0.0,0.0,0.0,0.0,0.0,0.0,0.0,0.0
2.15,0.0,0.0,0.0,0.0,0.0,0.0,0.0,0.0,0.0
2.16,0.0,0.0,0.0,0.0,0.0,0.0,0.0,0.0,0.0
2.17,0.0,0.0,0.0,0.0,0.0,0.0,0.0,0.0,0.0
2.18,0.0,0.0,0.0,0.0,0.0,0.0,0.0,0.0,0.0
2.19,0.0,0.0,0.0,0.0,0.0,0.0,0.0,0.0,0.0
2.2,0.0,0.0,0.0,0.0,0.0,0.0,0.0,0.0,0.0
2.21,0.0,0.0,0.0,0.0,0.0,0.0,0.0,0.0,0.0
2.22,0.0,0.0,0.0,0.0,0.0,0.0,0.0,0.0,0.0
2.23,0.0,0.0,0.0,0.0,0.0,0.0,0.0,0.0,0.0
2.24,0.0,0.0,0.0,0.0,0.0,0.0,0.0,0.0,0.0
2.25,0.0,0.0,0.0,0.0,0.0,0.0,0.0,0.0,0.0
2.26,0.0,0.0,0.0,0.0,0.0,0.0,0.0,0.0,0.0
2.27,0.0,0.0,0.0,0.0,0.0,0.0,0.0,0.0,0.0
2.28,0.0,0.0,0.0,0.0,0.0,0.0,0.0,0.0,0.0
2.29,0.0,0.0,0.0,0.0,0.0,0.0,0.0,0.0,0.0
2.3,0.0,0.0,0.0,0.0,0.0,0.0,0.0,0.0,0.0
2.31,0.0,0.0,0.0,0.0,0.0,0.0,0.0,0.0,0.0
2.32,0.0,0.0,0.0,0.0,0.0,0.0,0.0,0.0,0.0
2.33,0.0,0.0,0.0,0.0,0.0,0.0,0.0,0.0,0.0
2.34,0.0,0.0,0.0,0.0,0.0,0.0,0.0,0.0,0.0
2.35,0.0,0.0,0.0,0.0,0.0,0.0,0.0,0.0,0.0
2.36,0.0,0.0,0.0,0.0,0.0,0.0,0.0,0.0,0.0
2.37,0.0,0.0,0.0,0.0,0.0,0.0,0.0,0.0,0.0
2.38,0.0,0.0,0.0,0.0,0.0,0.0,0.0,0.0,0.0
2.39,0.0,0.0,0.0,0.0,0.0,0.0,0.0,0.0,0.0
2.4,0.0,0.0,0.0,0.0,0.0,0.0,0.0,0.0,0.0
2.41,0.0,0.0,0.0,0.0,0.0,0.0,0.0,0.0,0.0
2.42,0.0,0.0,0.0,0.0,0.0,0.0,0.0,0.0,0.0
2.43,0.0,0.0,0.0,0.0,0.0,0.0,0.0,0.0,0.0
2.44,0.0,0.0,0.0,0.0,0.0,0.0,0.0,0.0,0.0
2.45,0.0,0.0,0.0,0.0,0.0,0.0,0.0,0.0,0.0
2.46,0.0,0.0,0.0,0.0,0.0,0.0,0.0,0.0,0.0
2.47,0.0,0.0,0.0,0.0,0.0,0.0,0.0,0.0,0.0
2.48,0.0,0.0,0.0,0.0,0.0,0.0,0.0,0.0,0.0
2.49,0.0,0.0,0.0,0.0,0.0,0.0,0.0,0.0,0.0
2.5,0.0,0.0,0.0,0.0,0.0,0.0,0.0,0.0,0.0
2.51,0.0,0.0,0.0,0.0,0.0,0.0,0.0,0.0,0.0
2.52,0.0,0.0,0.0,0.0,0.0,0.0,0.0,0.0,0.0
2.53,0.0,0.0,0.0,0.0,0.0,0.0,0.0,0.0,0.0
2.54,0.0,0.0,0.0,0.0,0.0,0.0,0.0,0.0,0.0
2.55,0.0,0.0,0.0,0.0,0.0,0.0,0.0,0.0,0.0
2.56,0.0,0.0,0.0,0.0,0.0,0.0,0.0,0.0,0.0
2.57,0.0,0.0,0.0,0.0,0.0,0.0,0.0,0.0,0.0
2.58,0.0,0.0,0.0,0.0,0.0,0.0,0.0,0.0,0.0
2.59,0.0,0.0,0.0,0.0,0.0,0.0,0.0,0.0,0.0
2.6,0.0,0.0,0.0,0.0,0.0,0.0,0.0,0.0,0.0
2.61,0.0,0.0,0.0,0.0,0.0,0.0,0.0,0.0,0.0
2.62,0.0,0.0,0.0,0.0,0.0,0.0,0.0,0.0,0.0
2.63,0.0,0.0,0.0,0.0,0.0,0.0,0.0,0.0,0.0
2.64,0.0,0.0,0.0,0.0,0.0,0.0,0.0,0.0,0.0
2.65,0.0,0.0,0.0,0.0,0.0,0.0,0.0,0.0,0.0
2.66,0.0,0.0,0.0,0.0,0.0,0.0,0.0,0.0,0.0
2.67,0.0,0.0,0.0,0.0,0.0,0.0,0.0,0.0,0.0
2.68,0.0,0.0,0.0,0.0,0.0,0.0,0.0,0.0,0.0
2.69,0.0,0.0,0.0,0.0,0.0,0.0,0.0,0.0,0.0
2.7,0.0,0.0,0.0,0.0,0.0,0.0,0.0,0.0,0.0
2.71,0.0,0.0,0.0,0.0,0.0,0.0,0.0,0.0,0.0
2.72,0.0,0.0,0.0,0.0,0.0,0.0,0.0,0.0,0.0
2.73,0.0,0.0,0.0,0.0,0.0,0.0,0.0,0.0,0.0
2.74,0.0,0.0,0.0,0.0,0.0,0.0,0.0,0.0,0.0
2.75,0.0,0.0,0.0,0.0,0.0,0.0,0.0,0.0,0.0
2.76,0.0,0.0,0.0,0.0,0.0,0.0,0.0,0.0,0.0
2.77,0.0,0.0,0.0,0.0,0.0,0.0,0.0,0.0,0.0
2.78,0.0,0.0,0.0,0.0,0.0,0.0,0.0,0.0,0.0
2.79,0.0,0.0,0.0,0.0,0.0,0.0,0.0,0.0,0.0
2.8,0.0,0.0,0.0,0.0,0.0,0.0,0.0,0.0,0.0
2.81,0.0,0.0,0.0,0.0,0.0,0.0,0.0,0.0,0.0
2.82,0.0,0.0,0.0,0.0,0.0,0.0,0.0,0.0,0.0
2.83,0.0,0.0,0.0,0.0,0.0,0.0,0.0,0.0,0.0
2.84,0.0,0.0,0.0,0.0,0.0,0.0,0.0,0.0,0.0
2.85,0.0,0.0,0.0,0.0,0.0,0.0,0.0,0.0,0.0
2.86,0.0,0.0,0.0,0.0,0.0,0.0,0.0,0.0,0.0
2.87,0.0,0.0,0.0,0.0,0.0,0.0,0.0,0.0,0.0
2.88,0.0,0.0,0.0,0.0,0.0,0.0,0.0,0.0,0.0
2.89,0.0,0.0,0.0,0.0,0.0,0.0,0.0,0.0,0.0
2.9,0.0,0.0,0.0,0.0,0.0,0.0,0.0,0.0,0.0
2.91,0.0,0.0,0.0,0.0,0.0,0.0,0.0,0.0,0.0
2.92,0.0,0.0,0.0,0.0,0.0,0.0,0.0,0.0,0.0
2.93,0.0,0.0,0.0,0.0,0.0,0.0,0.0,0.0,0.0
2.94,0.0,0.0,0.0,0.0,0.0,0.0,0.0,0.0,0.0
2.95,0.0,0.0,0.0,0.0,0.0,0.0,0.0,0.0,0.0
2.96,0.0,0.0,0.0,0.0,0.0,0.0,0.0,0.0,0.0
2.97,0.0,0.0,0.0,0.0,0.0,0.0,0.0,0.0,0.0
2.98,0.0,0.0,0.0,0.0,0.0,0.0,0.0,0.0,0.0
2.99,0.0,0.0,0.0,0.0,0.0,0.0,0.0,0.0,0.0
3.0,0.0,0.0,0.0,0.0,0.0,0.0,0.0,0.0,0.0
3.01,0.0,0.0,0.0,0.0,0.0,0.0,0.0,0.0,0.0
3.02,0.0,0.0,0.0,0.0,0.0,0.0,0.0,0.0,0.0
3.03,0.0,0.0,0.0,0.0,0.0,0.0,0.0,0.0,0.0
3.04,0.0,0.0,0.0,0.0,0.0,0.0,0.0,0.0,0.0
3.05,0.0,0.0,0.0,0.0,0.0,0.0,0.0,0.0,0.0
3.06,0.0,0.0,0.0,0.0,0.0,0.0,0.0,0.0,0.0
3.07,0.0,0.0,0.0,0.0,0.0,0.0,0.0,0.0,0.0
3.08,0.0,0.0,0.0,0.0,0.0,0.0,0.0,0.0,0.0
3.09,0.0,0.0,0.0,0.0,0.0,0.0,0.0,0.0,0.0
3.1,0.0,0.0,0.0,0.0,0.0,0.0,0.0,0.0,0.0
3.11,0.0,0.0,0.0,0.0,0.0,0.0,0.0,0.0,0.0
3.12,0.0,0.0,0.0,0.0,0.0,0.0,0.0,0.0,0.0
3.13,0.0,0.0,0.0,0.0,0.0,0.0,0.0,0.0,0.0
3.14,0.0,0.0,0.0,0.0,0.0,0.0,0.0,0.0,0.0
3.15,0.0,0.0,0.0,0.0,0.0,0.0,0.0,0.0,0.0
3.16,0.0,0.0,0.0,0.0,0.0,0.0,0.0,0.0,0.0
3.17,0.0,0.0,0.0,0.0,0.0,0.0,0.0,0.0,0.0
3.18,0.0,0.0,0.0,0.0,0.0,0.0,0.0,0.0,0.0
3.19,0.0,0.0,0.0,0.0,0.0,0.0,0.0,0.0,0.0
3.2,0.0,0.0,0.0,0.0,0.0,0.0,0.0,0.0,0.0
3.21,0.0,0.0,0.0,0.0,0.0,0.0,0.0,0.0,0.0
3.22,0.0,0.0,0.0,0.0,0.0,0.0,0.0,0.0,0.0
3.23,0.0,0.0,0.0,0.0,0.0,0.0,0.0,0.0,0.0
3.24,0.0,0.0,0.0,0.0,0.0,0.0,0.0,0.0,0.0
3.25,0.0,0.0,0.0,0.0,0.0,0.0,0.0,0.0,0.0
3.26,0.0,0.0,0.0,0.0,0.0,0.0,0.0,0.0,0.0
3.27,0.0,0.0,0.0,0.0,0.0,0.0,0.0,0.0,0.0
3.28,0.0,0.0,0.0,0.0,0.0,0.0,0.0,0.0,0.0
3.29,0.0,0.0,0.0,0.0,0.0,0.0,0.0,0.0,0.0
3.3,0.0,0.0,0.0,0.0,0.0,0.0,0.0,0.0,0.0
3.31,0.0,0.0,0.0,0.0,0.0,0.0,0.0,0.0,0.0
3.32,0.0,0.0,0.0,0.0,0.0,0.0,0.0,0.0,0.0
3.33,0.0,0.0,0.0,0.0,0.0,0.0,0.0,0.0,0.0
3.34,0.0,0.0,0.0,0.0,0.0,0.0,0.0,0.0,0.0
3.35,0.0,0.0,0.0,0.0,0.0,0.0,0.0,0.0,0.0
3.36,0.0,0.0,0.0,0.0,0.0,0.0,0.0,0.0,0.0
3.37,0.0,0.0,0.0,0.0,0.0,0.0,0.0,0.0,0.0
3.38,0.0,0.0,0.0,0.0,0.0,0.0,0.0,0.0,0.0
3.39,0.0,0.0,0.0,0.0,0.0,0.0,0.0,0.0,0.0
3.4,0.0,0.0,0.0,0.0,0.0,0.0,0.0,0.0,0.0
3.41,0.0,0.0,0.0,0.0,0.0,0.0,0.0,0.0,0.0
3.42,0.0,0.0,0.0,0.0,0.0,0.0,0.0,0.0,0.0
3.43,0.0,0.0,0.0,0.0,0.0,0.0,0.0,0.0,0.0
3.44,0.0,0.0,0.0,0.0,0.0,0.0,0.0,0.0,0.0
3.45,0.0,0.0,0.0,0.0,0.0,0.0,0.0,0.0,0.0
3.46,0.0,0.0,0.0,0.0,0.0,0.0,0.0,0.0,0.0
3.47,0.0,0.0,0.0,0.0,0.0,0.0,0.0,0.0,0.0
3.48,0.0,0.0,0.0,0.0,0.0,0.0,0.0,0.0,0.0
3.49,0.0,0.0,0.0,0.0,0.0,0.0,0.0,0.0,0.0
3.5,0.0,0.0,0.0,0.0,0.0,0.0,0.0,0.0,0.0
3.51,0.0,0.0,0.0,0.0,0.0,0.0,0.0,0.0,0.0
3.52,0.0,0.0,0.0,0.0,0.0,0.0,0.0,0.0,0.0
3.53,0.0,0.0,0.0,0.0,0.0,0.0,0.0,0.0,0.0
3.54,0.0,0.0,0.0,0.0,0.0,0.0,0.0,0.0,0.0
3.55,0.0,0.0,0.0,0.0,0.0,0.0,0.0,0.0,0.0
3.56,0.0,0.0,0.0,0.0,0.0,0.0,0.0,0.0,0.0
3.57,0.0,0.0,0.0,0.0,0.0,0.0,0.0,0.0,0.0
3.58,0.0,0.0,0.0,0.0,0.0,0.0,0.0,0.0,0.0
3.59,0.0,0.0,0.0,0.0,0.0,0.0,0.0,0.0,0.0
3.6,0.0,0.0,0.0,0.0,0.0,0.0,0.0,0.0,0.0
3.61,0.0,0.0,0.0,0.0,0.0,0.0,0.0,0.0,0.0
3.62,0.0,0.0,0.0,0.0,0.0,0.0,0.0,0.0,0.0
3.63,0.0,0.0,0.0,0.0,0.0,0.0,0.0,0.0,0.0
3.64,0.0,0.0,0.0,0.0,0.0,0.0,0.0,0.0,0.0
3.65,0.0,0.0,0.0,0.0,0.0,0.0,0.0,0.0,0.0
3.66,0.0,0.0,0.0,0.0,0.0,0.0,0.0,0.0,0.0
3.67,0.0,0.0,0.0,0.0,0.0,0.0,0.0,0.0,0.0
3.68,0.0,0.0,0.0,0.0,0.0,0.0,0.0,0.0,0.0
3.69,0.0,0.0,0.0,0.0,0.0,0.0,0.0,0.0,0.0
3.7,0.0,0.0,0.0,0.0,0.0,0.0,0.0,0.0,0.0
3.71,0.0,0.0,0.0,0.0,0.0,0.0,0.0,0.0,0.0
3.72,0.0,0.0,0.0,0.0,0.0,0.0,0.0,0.0,0.0
3.73,0.0,0.0,0.0,0.0,0.0,0.0,0.0,0.0,0.0
3.74,0.0,0.0,0.0,0.0,0.0,0.0,0.0,0.0,0.0
3.75,0.0,0.0,0.0,0.0,0.0,0.0,0.0,0.0,0.0
3.76,0.0,0.0,0.0,0.0,0.0,0.0,0.0,0.0,0.0
3.77,0.0,0.0,0.0,0.0,0.0,0.0,0.0,0.0,0.0
3.78,0.0,0.0,0.0,0.0,0.0,0.0,0.0,0.0,0.0
3.79,0.0,0.0,0.0,0.0,0.0,0.0,0.0,0.0,0.0
3.8,0.0,0.0,0.0,0.0,0.0,0.0,0.0,0.0,0.0
3.81,0.0,0.0,0.0,0.0,0.0,0.0,0.0,0.0,0.0
3.82,0.0,0.0,0.0,0.0,0.0,0.0,0.0,0.0,0.0
3.83,0.0,0.0,0.0,0.0,0.0,0.0,0.0,0.0,0.0
3.84,0.0,0.0,0.0,0.0,0.0,0.0,0.0,0.0,0.0
3.85,0.0,0.0,0.0,0.0,0.0,0.0,0.0,0.0,0.0
3.86,0.0,0.0,0.0,0.0,0.0,0.0,0.0,0.0,0.0
3.87,0.0,0.0,0.0,0.0,0.0,0.0,0.0,0.0,0.0
3.88,0.0,0.0,0.0,0.0,0.0,0.0,0.0,0.0,0.0
3.89,0.0,0.0,0.0,0.0,0.0,0.0,0.0,0.0,0.0
3.9,0.0,0.0,0.0,0.0,0.0,0.0,0.0,0.0,0.0
3.91,0.0,0.0,0.0,0.0,0.0,0.0,0.0,0.0,0.0
3.92,0.0,0.0,0.0,0.0,0.0,0.0,0.0,0.0,0.0
3.93,0.0,0.0,0.0,0.0,0.0,0.0,0.0,0.0,0.0
3.94,0.0,0.0,0.0,0.0,0.0,0.0,0.0,0.0,0.0
3.95,0.0,0.0,0.0,0.0,0.0,0.0,0.0,0.0,0.0
3.96,0.0,0.0,0.0,0.0,0.0,0.0,0.0,0.0,0.0
3.97,0.0,0.0,0.0,0.0,0.0,0.0,0.0,0.0,0.0
3.98,0.0,0.0,0.0,0.0,0.0,0.0,0.0,0.0,0.0
3.99,0.0,0.0,0.0,0.0,0.0,0.0,0.0,0.0,0.0
4.0,0.0,0.0,0.0,0.0,0.0,0.0,0.0,0.0,0.0
4.01,0.0,0.0,0.0,0.0,0.0,0.0,0.0,0.0,0.0
4.02,0.0,0.0,0.0,0.0,0.0,0.0,0.0,0.0,0.0
4.03,0.0,0.0,0.0,0.0,0.0,0.0,0.0,0.0,0.0
4.04,0.0,0.0,0.0,0.0,0.0,0.0,0.0,0.0,0.0
4.05,0.0,0.0,0.0,0.0,0.0,0.0,0.0,0.0,0.0
4.06,0.0,0.0,0.0,0.0,0.0,0.0,0.0,0.0,0.0
4.07,0.0,0.0,0.0,0.0,0.0,0.0,0.0,0.0,0.0
4.08,0.0,0.0,0.0,0.0,0.0,0.0,0.0,0.0,0.0
4.09,0.0,0.0,0.0,0.0,0.0,0.0,0.0,0.0,0.0
4.1,0.0,0.0,0.0,0.0,0.0,0.0,0.0,0.0,0.0
4.11,0.0,0.0,0.0,0.0,0.0,0.0,0.0,0.0,0.0
4.12,0.0,0.0,0.0,0.0,0.0,0.0,0.0,0.0,0.0
4.13,0.0,0.0,0.0,0.0,0.0,0.0,0.0,0.0,0.0
4.14,0.0,0.0,0.0,0.0,0.0,0.0,0.0,0.0,0.0
4.15,0.0,0.0,0.0,0.0,0.0,0.0,0.0,0.0,0.0
4.16,0.0,0.0,0.0,0.0,0.0,0.0,0.0,0.0,0.0
4.17,0.0,0.0,0.0,0.0,0.0,0.0,0.0,0.0,0.0
4.18,0.0,0.0,0.0,0.0,0.0,0.0,0.0,0.0,0.0
4.19,0.0,0.0,0.0,0.0,0.0,0.0,0.0,0.0,0.0
4.2,0.0,0.0,0.0,0.0,0.0,0.0,0.0,0.0,0.0
4.21,0.0,0.0,0.0,0.0,0.0,0.0,0.0,0.0,0.0
4.22,0.0,0.0,0.0,0.0,0.0,0.0,0.0,0.0,0.0
4.23,0.0,0.0,0.0,0.0,0.0,0.0,0.0,0.0,0.0
4.24,0.0,0.0,0.0,0.0,0.0,0.0,0.0,0.0,0.0
4.25,0.0,0.0,0.0,0.0,0.0,0.0,0.0,0.0,0.0
4.26,0.0,0.0,0.0,0.0,0.0,0.0,0.0,0.0,0.0
4.27,0.0,0.0,0.0,0.0,0.0,0.0,0.0,0.0,0.0
4.28,0.0,0.0,0.0,0.0,0.0,0.0,0.0,0.0,0.0
4.29,0.0,0.0,0.0,0.0,0.0,0.0,0.0,0.0,0.0
4.3,0.0,0.0,0.0,0.0,0.0,0.0,0.0,0.0,0.0
4.31,0.0,0.0,0.0,0.0,0.0,0.0,0.0,0.0,0.0
4.32,0.0,0.0,0.0,0.0,0.0,0.0,0.0,0.0,0.0
4.33,0.0,0.0,0.0,0.0,0.0,0.0,0.0,0.0,0.0
4.34,0.0,0.0,0.0,0.0,0.0,0.0,0.0,0.0,0.0
4.35,0.0,0.0,0.0,0.0,0.0,0.0,0.0,0.0,0.0
4.36,0.0,0.0,0.0,0.0,0.0,0.0,0.0,0.0,0.0
4.37,0.0,0.0,0.0,0.0,0.0,0.0,0.0,0.0,0.0
4.38,0.0,0.0,0.0,0.0,0.0,0.0,0.0,0.0,0.0
4.39,0.0,0.0,0.0,0.0,0.0,0.0,0.0,0.0,0.0
4.4,0.0,0.0,0.0,0.0,0.0,0.0,0.0,0.0,0.0
4.41,0.0,0.0,0.0,0.0,0.0,0.0,0.0,0.0,0.0
4.42,0.0,0.0,0.0,0.0,0.0,0.0,0.0,0.0,0.0
4.43,0.0,0.0,0.0,0.0,0.0,0.0,0.0,0.0,0.0
4.44,0.0,0.0,0.0,0.0,0.0,0.0,0.0,0.0,0.0
4.45,0.0,0.0,0.0,0.0,0.0,0.0,0.0,0.0,0.0
4.46,0.0,0.0,0.0,0.0,0.0,0.0,0.0,0.0,0.0
4.47,0.0,0.0,0.0,0.0,0.0,0.0,0.0,0.0,0.0
4.48,0.0,0.0,0.0,0.0,0.0,0.0,0.0,0.0,0.0
4.49,0.0,0.0,0.0,0.0,0.0,0.0,0.0,0.0,0.0
4.5,0.0,0.0,0.0,0.0,0.0,0.0,0.0,0.0,0.0
4.51,0.0,0.0,0.0,0.0,0.0,0.0,0.0,0.0,0.0
4.52,0.0,0.0,0.0,0.0,0.0,0.0,0.0,0.0,0.0
4.53,0.0,0.0,0.0,0.0,0.0,0.0,0.0,0.0,0.0
4.54,0.0,0.0,0.0,0.0,0.0,0.0,0.0,0.0,0.0
4.55,0.0,0.0,0.0,0.0,0.0,0.0,0.0,0.0,0.0
4.56,0.0,0.0,0.0,0.0,0.0,0.0,0.0,0.0,0.0
4.57,0.0,0.0,0.0,0.0,0.0,0.0,0.0,0.0,0.0
4.58,0.0,0.0,0.0,0.0,0.0,0.0,0.0,0.0,0.0
4.59,0.0,0.0,0.0,0.0,0.0,0.0,0.0,0.0,0.0
4.6,0.0,0.0,0.0,0.0,0.0,0.0,0.0,0.0,0.0
4.61,0.0,0.0,0.0,0.0,0.0,0.0,0.0,0.0,0.0
4.62,0.0,0.0,0.0,0.0,0.0,0.0,0.0,0.0,0.0
4.63,0.0,0.0,0.0,0.0,0.0,0.0,0.0,0.0,0.0
4.64,0.0,0.0,0.0,0.0,0.0,0.0,0.0,0.0,0.0
4.65,0.0,0.0,0.0,0.0,0.0,0.0,0.0,0.0,0.0
4.66,0.0,0.0,0.0,0.0,0.0,0.0,0.0,0.0,0.0
4.67,0.0,0.0,0.0,0.0,0.0,0.0,0.0,0.0,0.0
4.68,0.0,0.0,0.0,0.0,0.0,0.0,0.0,0.0,0.0
4.69,0.0,0.0,0.0,0.0,0.0,0.0,0.0,0.0,0.0
4.7,0.0,0.0,0.0,0.0,0.0,0.0,0.0,0.0,0.0
4.71,0.0,0.0,0.0,0.0,0.0,0.0,0.0,0.0,0.0
4.72,0.0,0.0,0.0,0.0,0.0,0.0,0.0,0.0,0.0
4.73,0.0,0.0,0.0,0.0,0.0,0.0,0.0,0.0,0.0
4.74,0.0,0.0,0.0,0.0,0.0,0.0,0.0,0.0,0.0
4.75,0.0,0.0,0.0,0.0,0.0,0.0,0.0,0.0,0.0
4.76,0.0,0.0,0.0,0.0,0.0,0.0,0.0,0.0,0.0
4.77,0.0,0.0,0.0,0.0,0.0,0.0,0.0,0.0,0.0
4.78,0.0,0.0,0.0,0.0,0.0,0.0,0.0,0.0,0.0
4.79,0.0,0.0,0.0,0.0,0.0,0.0,0.0,0.0,0.0
4.8,0.0,0.0,0.0,0.0,0.0,0.0,0.0,0.0,0.0
4.81,0.0,0.0,0.0,0.0,0.0,0.0,0.0,0.0,0.0
4.82,0.0,0.0,0.0,0.0,0.0,0.0,0.0,0.0,0.0
4.83,0.0,0.0,0.0,0.0,0.0,0.0,0.0,0.0,0.0
4.84,0.0,0.0,0.0,0.0,0.0,0.0,0.0,0.0,0.0
4.85,0.0,0.0,0.0,0.0,0.0,0.0,0.0,0.0,0.0
4.86,0.0,0.0,0.0,0.0,0.0,0.0,0.0,0.0,0.0
4.87,0.0,0.0,0.0,0.0,0.0,0.0,0.0,0.0,0.0
4.88,0.0,0.0,0.0,0.0,0.0,0.0,0.0,0.0,0.0
4.89,0.0,0.0,0.0,0.0,0.0,0.0,0.0,0.0,0.0
4.9,0.0,0.0,0.0,0.0,0.0,0.0,0.0,0.0,0.0
4.91,0.0,0.0,0.0,0.0,0.0,0.0,0.0,0.0,0.0
4.92,0.0,0.0,0.0,0.0,0.0,0.0,0.0,0.0,0.0
4.93,0.0,0.0,0.0,0.0,0.0,0.0,0.0,0.0,0.0
4.94,0.0,0.0,0.0,0.0,0.0,0.0,0.0,0.0,0.0
4.95,0.0,0.0,0.0,0.0,0.0,0.0,0.0,0.0,0.0
4.96,0.0,0.0,0.0,0.0,0.0,0.0,0.0,0.0,0.0
4.97,0.0,0.0,0.0,0.0,0.0,0.0,0.0,0.0,0.0
4.98,0.0,0.0,0.0,0.0,0.0,0.0,0.0,0.0,0.0
4.99,0.0,0.0,0.0,0.0,0.0,0.0,0.0,0.0,0.0
5.0,0.0,0.0,0.0,0.0,0.0,0.0,0.0,0.0,0.0
5.01,0.0,0.0,0.0,0.0,0.0,0.0,0.0,0.0,0.0
5.02,0.0,0.0,0.0,0.0,0.0,0.0,0.0,0.0,0.0
5.03,0.0,0.0,0.0,0.0,0.0,0.0,0.0,0.0,0.0
5.04,0.0,0.0,0.0,0.0,0.0,0.0,0.0,0.0,0.0
5.05,0.0,0.0,0.0,0.0,0.0,0.0,0.0,0.0,0.0
5.06,0.0,0.0,0.0,0.0,0.0,0.0,0.0,0.0,0.0
5.07,0.0,0.0,0.0,0.0,0.0,0.0,0.0,0.0,0.0
5.08,0.0,0.0,0.0,0.0,0.0,0.0,0.0,0.0,0.0
5.09,0.0,0.0,0.0,0.0,0.0,0.0,0.0,0.0,0.0
5.1,0.0,0.0,0.0,0.0,0.0,0.0,0.0,0.0,0.0
5.11,0.0,0.0,0.0,0.0,0.0,0.0,0.0,0.0,0.0
5.12,0.0,0.0,0.0,0.0,0.0,0.0,0.0,0.0,0.0
5.13,0.0,0.0,0.0,0.0,0.0,0.0,0.0,0.0,0.0
5.14,0.0,0.0,0.0,0.0,0.0,0.0,0.0,0.0,0.0
5.15,0.0,0.0,0.0,0.0,0.0,0.0,0.0,0.0,0.0
5.16,0.0,0.0,0.0,0.0,0.0,0.0,0.0,0.0,0.0
5.17,0.0,0.0,0.0,0.0,0.0,0.0,0.0,0.0,0.0
5.18,0.0,0.0,0.0,0.0,0.0,0.0,0.0,0.0,0.0
5.19,0.0,0.0,0.0,0.0,0.0,0.0,0.0,0.0,0.0
5.2,0.0,0.0,0.0,0.0,0.0,0.0,0.0,0.0,0.0
5.21,0.0,0.0,0.0,0.0,0.0,0.0,0.0,0.0,0.0
5.22,0.0,0.0,0.0,0.0,0.0,0.0,0.0,0.0,0.0
5.23,0.0,0.0,0.0,0.0,0.0,0.0,0.0,0.0,0.0
5.24,0.0,0.0,0.0,0.0,0.0,0.0,0.0,0.0,0.0
5.25,0.0,0.0,0.0,0.0,0.0,0.0,0.0,0.0,0.0
5.26,0.0,0.0,0.0,0.0,0.0,0.0,0.0,0.0,0.0
5.27,0.0,0.0,0.0,0.0,0.0,0.0,0.0,0.0,0.0
5.28,0.0,0.0,0.0,0.0,0.0,0.0,0.0,0.0,0.0
5.29,0.0,0.0,0.0,0.0,0.0,0.0,0.0,0.0,0.0
5.3,0.0,0.0,0.0,0.0,0.0,0.0,0.0,0.0,0.0
5.31,0.0,0.0,0.0,0.0,0.0,0.0,0.0,0.0,0.0
5.32,0.0,0.0,0.0,0.0,0.0,0.0,0.0,0.0,0.0
5.33,0.0,0.0,0.0,0.0,0.0,0.0,0.0,0.0,0.0
5.34,0.0,0.0,0.0,0.0,0.0,0.0,0.0,0.0,0.0
5.35,0.0,0.0,0.0,0.0,0.0,0.0,0.0,0.0,0.0
5.36,0.0,0.0,0.0,0.0,0.0,0.0,0.0,0.0,0.0
5.37,0.0,0.0,0.0,0.0,0.0,0.0,0.0,0.0,0.0
5.38,0.0,0.0,0.0,0.0,0.0,0.0,0.0,0.0,0.0
5.39,0.0,0.0,0.0,0.0,0.0,0.0,0.0,0.0,0.0
5.4,0.0,0.0,0.0,0.0,0.0,0.0,0.0,0.0,0.0
5.41,0.0,0.0,0.0,0.0,0.0,0.0,0.0,0.0,0.0
5.42,0.0,0.0,0.0,0.0,0.0,0.0,0.0,0.0,0.0
5.43,0.0,0.0,0.0,0.0,0.0,0.0,0.0,0.0,0.0
5.44,0.0,0.0,0.0,0.0,0.0,0.0,0.0,0.0,0.0
5.45,0.0,0.0,0.0,0.0,0.0,0.0,0.0,0.0,0.0
5.46,0.0,0.0,0.0,0.0,0.0,0.0,0.0,0.0,0.0
5.47,0.0,0.0,0.0,0.0,0.0,0.0,0.0,0.0,0.0
5.48,0.0,0.0,0.0,0.0,0.0,0.0,0.0,0.0,0.0
5.49,0.0,0.0,0.0,0.0,0.0,0.0,0.0,0.0,0.0
5.5,0.0,0.0,0.0,0.0,0.0,0.0,0.0,0.0,0.0
5.51,0.0,0.0,0.0,0.0,0.0,0.0,0.0,0.0,0.0
5.52,0.0,0.0,0.0,0.0,0.0,0.0,0.0,0.0,0.0
5.53,0.0,0.0,0.0,0.0,0.0,0.0,0.0,0.0,0.0
5.54,0.0,0.0,0.0,0.0,0.0,0.0,0.0,0.0,0.0
5.55,0.0,0.0,0.0,0.0,0.0,0.0,0.0,0.0,0.0
5.56,0.0,0.0,0.0,0.0,0.0,0.0,0.0,0.0,0.0
5.57,0.0,0.0,0.0,0.0,0.0,0.0,0.0,0.0,0.0
5.58,0.0,0.0,0.0,0.0,0.0,0.0,0.0,0.0,0.0
5.59,0.0,0.0,0.0,0.0,0.0,0.0,0.0,0.0,0.0
5.6,0.0,0.0,0.0,0.0,0.0,0.0,0.0,0.0,0.0
5.61,0.0,0.0,0.0,0.0,0.0,0.0,0.0,0.0,0.0
5.62,0.0,0.0,0.0,0.0,0.0,0.0,0.0,0.0,0.0
5.63,0.0,0.0,0.0,0.0,0.0,0.0,0.0,0.0,0.0
5.64,0.0,0.0,0.0,0.0,0.0,0.0,0.0,0.0,0.0
5.65,0.0,0.0,0.0,0.0,0.0,0.0,0.0,0.0,0.0
5.66,0.0,0.0,0.0,0.0,0.0,0.0,0.0,0.0,0.0
5.67,0.0,0.0,0.0,0.0,0.0,0.0,0.0,0.0,0.0
5.68,0.0,0.0,0.0,0.0,0.0,0.0,0.0,0.0,0.0
5.69,0.0,0.0,0.0,0.0,0.0,0.0,0.0,0.0,0.0
5.7,0.0,0.0,0.0,0.0,0.0,0.0,0.0,0.0,0.0
5.71,0.0,0.0,0.0,0.0,0.0,0.0,0.0,0.0,0.0
5.72,0.0,0.0,0.0,0.0,0.0,0.0,0.0,0.0,0.0
5.73,0.0,0.0,0.0,0.0,0.0,0.0,0.0,0.0,0.0
5.74,0.0,0.0,0.0,0.0,0.0,0.0,0.0,0.0,0.0
5.75,0.0,0.0,0.0,0.0,0.0,0.0,0.0,0.0,0.0
5.76,0.0,0.0,0.0,0.0,0.0,0.0,0.0,0.0,0.0
5.77,0.0,0.0,0.0,0.0,0.0,0.0,0.0,0.0,0.0
5.78,0.0,0.0,0.0,0.0,0.0,0.0,0.0,0.0,0.0
5.79,0.0,0.0,0.0,0.0,0.0,0.0,0.0,0.0,0.0
5.8,0.0,0.0,0.0,0.0,0.0,0.0,0.0,0.0,0.0
5.81,0.0,0.0,0.0,0.0,0.0,0.0,0.0,0.0,0.0
5.82,0.0,0.0,0.0,0.0,0.0,0.0,0.0,0.0,0.0
5.83,0.0,0.0,0.0,0.0,0.0,0.0,0.0,0.0,0.0
5.84,0.0,0.0,0.0,0.0,0.0,0.0,0.0,0.0,0.0
5.85,0.0,0.0,0.0,0.0,0.0,0.0,0.0,0.0,0.0
5.86,0.0,0.0,0.0,0.0,0.0,0.0,0.0,0.0,0.0
5.87,0.0,0.0,0.0,0.0,0.0,0.0,0.0,0.0,0.0
5.88,0.0,0.0,0.0,0.0,0.0,0.0,0.0,0.0,0.0
5.89,0.0,0.0,0.0,0.0,0.0,0.0,0.0,0.0,0.0
5.9,0.0,0.0,0.0,0.0,0.0,0.0,0.0,0.0,0.0
5.91,0.0,0.0,0.0,0.0,0.0,0.0,0.0,0.0,0.0
5.92,0.0,0.0,0.0,0.0,0.0,0.0,0.0,0.0,0.0
5.93,0.0,0.0,0.0,0.0,0.0,0.0,0.0,0.0,0.0
5.94,0.0,0.0,0.0,0.0,0.0,0.0,0.0,0.0,0.0
5.95,0.0,0.0,0.0,0.0,0.0,0.0,0.0,0.0,0.0
5.96,0.0,0.0,0.0,0.0,0.0,0.0,0.0,0.0,0.0
5.97,0.0,0.0,0.0,0.0,0.0,0.0,0.0,0.0,0.0
5.98,0.0,0.0,0.0,0.0,0.0,0.0,0.0,0.0,0.0
5.99,0.0,0.0,0.0,0.0,0.0,0.0,0.0,0.0,0.0
6.0,0.0,0.0,0.0,0.0,0.0,0.0,0.0,0.0,0.0
6.01,0.0,0.0,0.0,0.0,0.0,0.0,0.0,0.0,0.0
6.02,0.0,0.0,0.0,0.0,0.0,0.0,0.0,0.0,0.0
6.03,0.0,0.0,0.0,0.0,0.0,0.0,0.0,0.0,0.0
6.04,0.0,0.0,0.0,0.0,0.0,0.0,0.0,0.0,0.0
6.05,0.0,0.0,0.0,0.0,0.0,0.0,0.0,0.0,0.0
6.06,0.0,0.0,0.0,0.0,0.0,0.0,0.0,0.0,0.0
6.07,0.0,0.0,0.0,0.0,0.0,0.0,0.0,0.0,0.0
6.08,0.0,0.0,0.0,0.0,0.0,0.0,0.0,0.0,0.0
6.09,0.0,0.0,0.0,0.0,0.0,0.0,0.0,0.0,0.0
6.1,0.0,0.0,0.0,0.0,0.0,0.0,0.0,0.0,0.0
6.11,0.0,0.0,0.0,0.0,0.0,0.0,0.0,0.0,0.0
6.12,0.0,0.0,0.0,0.0,0.0,0.0,0.0,0.0,0.0
6.13,0.0,0.0,0.0,0.0,0.0,0.0,0.0,0.0,0.0
6.14,0.0,0.0,0.0,0.0,0.0,0.0,0.0,0.0,0.0
6.15,0.0,0.0,0.0,0.0,0.0,0.0,0.0,0.0,0.0
6.16,0.0,0.0,0.0,0.0,0.0,0.0,0.0,0.0,0.0
6.17,0.0,0.0,0.0,0.0,0.0,0.0,0.0,0.0,0.0
6.18,0.0,0.0,0.0,0.0,0.0,0.0,0.0,0.0,0.0
6.19,0.0,0.0,0.0,0.0,0.0,0.0,0.0,0.0,0.0
6.2,0.0,0.0,0.0,0.0,0.0,0.0,0.0,0.0,0.0
6.21,0.0,0.0,0.0,0.0,0.0,0.0,0.0,0.0,0.0
6.22,0.0,0.0,0.0,0.0,0.0,0.0,0.0,0.0,0.0
6.23,0.0,0.0,0.0,0.0,0.0,0.0,0.0,0.0,0.0
6.24,0.0,0.0,0.0,0.0,0.0,0.0,0.0,0.0,0.0
6.25,0.0,0.0,0.0,0.0,0.0,0.0,0.0,0.0,0.0
6.26,0.0,0.0,0.0,0.0,0.0,0.0,0.0,0.0,0.0
6.27,0.0,0.0,0.0,0.0,0.0,0.0,0.0,0.0,0.0
6.28,0.0,0.0,0.0,0.0,0.0,0.0,0.0,0.0,0.0
6.29,0.0,0.0,0.0,0.0,0.0,0.0,0.0,0.0,0.0
6.3,0.0,0.0,0.0,0.0,0.0,0.0,0.0,0.0,0.0
6.31,0.0,0.0,0.0,0.0,0.0,0.0,0.0,0.0,0.0
6.32,0.0,0.0,0.0,0.0,0.0,0.0,0.0,0.0,0.0
6.33,0.0,0.0,0.0,0.0,0.0,0.0,0.0,0.0,0.0
6.34,0.0,0.0,0.0,0.0,0.0,0.0,0.0,0.0,0.0
6.35,0.0,0.0,0.0,0.0,0.0,0.0,0.0,0.0,0.0
6.36,0.0,0.0,0.0,0.0,0.0,0.0,0.0,0.0,0.0
6.37,0.0,0.0,0.0,0.0,0.0,0.0,0.0,0.0,0.0
6.38,0.0,0.0,0.0,0.0,0.0,0.0,0.0,0.0,0.0
6.39,0.0,0.0,0.0,0.0,0.0,0.0,0.0,0.0,0.0
6.4,0.0,0.0,0.0,0.0,0.0,0.0,0.0,0.0,0.0
6.41,0.0,0.0,0.0,0.0,0.0,0.0,0.0,0.0,0.0
6.42,0.0,0.0,0.0,0.0,0.0,0.0,0.0,0.0,0.0
6.43,0.0,0.0,0.0,0.0,0.0,0.0,0.0,0.0,0.0
6.44,0.0,0.0,0.0,0.0,0.0,0.0,0.0,0.0,0.0
6.45,0.0,0.0,0.0,0.0,0.0,0.0,0.0,0.0,0.0
6.46,0.0,0.0,0.0,0.0,0.0,0.0,0.0,0.0,0.0
6.47,0.0,0.0,0.0,0.0,0.0,0.0,0.0,0.0,0.0
6.48,0.0,0.0,0.0,0.0,0.0,0.0,0.0,0.0,0.0
6.49,0.0,0.0,0.0,0.0,0.0,0.0,0.0,0.0,0.0
6.5,0.0,0.0,0.0,0.0,0.0,0.0,0.0,0.0,0.0
6.51,0.0,0.0,0.0,0.0,0.0,0.0,0.0,0.0,0.0
6.52,0.0,0.0,0.0,0.0,0.0,0.0,0.0,0.0,0.0
6.53,0.0,0.0,0.0,0.0,0.0,0.0,0.0,0.0,0.0
6.54,0.0,0.0,0.0,0.0,0.0,0.0,0.0,0.0,0.0
6.55,0.0,0.0,0.0,0.0,0.0,0.0,0.0,0.0,0.0
6.56,0.0,0.0,0.0,0.0,0.0,0.0,0.0,0.0,0.0
6.57,0.0,0.0,0.0,0.0,0.0,0.0,0.0,0.0,0.0
6.58,0.0,0.0,0.0,0.0,0.0,0.0,0.0,0.0,0.0
6.59,0.0,0.0,0.0,0.0,0.0,0.0,0.0,0.0,0.0
6.6,0.0,0.0,0.0,0.0,0.0,0.0,0.0,0.0,0.0
6.61,0.0,0.0,0.0,0.0,0.0,0.0,0.0,0.0,0.0
6.62,0.0,0.0,0.0,0.0,0.0,0.0,0.0,0.0,0.0
6.63,0.0,0.0,0.0,0.0,0.0,0.0,0.0,0.0,0.0
6.64,0.0,0.0,0.0,0.0,0.0,0.0,0.0,0.0,0.0
6.65,0.0,0.0,0.0,0.0,0.0,0.0,0.0,0.0,0.0
6.66,0.0,0.0,0.0,0.0,0.0,0.0,0.0,0.0,0.0
6.67,0.0,0.0,0.0,0.0,0.0,0.0,0.0,0.0,0.0
6.68,0.0,0.0,0.0,0.0,0.0,0.0,0.0,0.0,0.0
6.69,0.0,0.0,0.0,0.0,0.0,0.0,0.0,0.0,0.0
6.7,0.0,0.0,0.0,0.0,0.0,0.0,0.0,0.0,0.0
6.71,0.0,0.0,0.0,0.0,0.0,0.0,0.0,0.0,0.0
6.72,0.0,0.0,0.0,0.0,0.0,0.0,0.0,0.0,0.0
6.73,0.0,0.0,0.0,0.0,0.0,0.0,0.0,0.0,0.0
6.74,0.0,0.0,0.0,0.0,0.0,0.0,0.0,0.0,0.0
6.75,0.0,0.0,0.0,0.0,0.0,0.0,0.0,0.0,0.0
6.76,0.0,0.0,0.0,0.0,0.0,0.0,0.0,0.0,0.0
6.77,0.0,0.0,0.0,0.0,0.0,0.0,0.0,0.0,0.0
6.78,0.0,0.0,0.0,0.0,0.0,0.0,0.0,0.0,0.0
6.79,0.0,0.0,0.0,0.0,0.0,0.0,0.0,0.0,0.0
6.8,0.0,0.0,0.0,0.0,0.0,0.0,0.0,0.0,0.0
6.81,0.0,0.0,0.0,0.0,0.0,0.0,0.0,0.0,0.0
6.82,0.0,0.0,0.0,0.0,0.0,0.0,0.0,0.0,0.0
6.83,0.0,0.0,0.0,0.0,0.0,0.0,0.0,0.0,0.0
6.84,0.0,0.0,0.0,0.0,0.0,0.0,0.0,0.0,0.0
6.85,0.0,0.0,0.0,0.0,0.0,0.0,0.0,0.0,0.0
6.86,0.0,0.0,0.0,0.0,0.0,0.0,0.0,0.0,0.0
6.87,0.0,0.0,0.0,0.0,0.0,0.0,0.0,0.0,0.0
6.88,0.0,0.0,0.0,0.0,0.0,0.0,0.0,0.0,0.0
6.89,0.0,0.0,0.0,0.0,0.0,0.0,0.0,0.0,0.0
6.9,0.0,0.0,0.0,0.0,0.0,0.0,0.0,0.0,0.0
6.91,0.0,0.0,0.0,0.0,0.0,0.0,0.0,0.0,0.0
6.92,0.0,0.0,0.0,0.0,0.0,0.0,0.0,0.0,0.0
6.93,0.0,0.0,0.0,0.0,0.0,0.0,0.0,0.0,0.0
6.94,0.0,0.0,0.0,0.0,0.0,0.0,0.0,0.0,0.0
6.95,0.0,0.0,0.0,0.0,0.0,0.0,0.0,0.0,0.0
6.96,0.0,0.0,0.0,0.0,0.0,0.0,0.0,0.0,0.0
6.97,0.0,0.0,0.0,0.0,0.0,0.0,0.0,0.0,0.0
6.98,0.0,0.0,0.0,0.0,0.0,0.0,0.0,0.0,0.0
6.99,0.0,0.0,0.0,0.0,0.0,0.0,0.0,0.0,0.0
7.0,0.0,0.0,0.0,0.0,0.0,0.0,0.0,0.0,0.0
7.01,0.0,0.0,0.0,0.0,0.0,0.0,0.0,0.0,0.0
7.02,0.0,0.0,0.0,0.0,0.0,0.0,0.0,0.0,0.0
7.03,0.0,0.0,0.0,0.0,0.0,0.0,0.0,0.0,0.0
7.04,0.0,0.0,0.0,0.0,0.0,0.0,0.0,0.0,0.0
7.05,0.0,0.0,0.0,0.0,0.0,0.0,0.0,0.0,0.0
7.06,0.0,0.0,0.0,0.0,0.0,0.0,0.0,0.0,0.0
7.07,0.0,0.0,0.0,0.0,0.0,0.0,0.0,0.0,0.0
7.08,0.0,0.0,0.0,0.0,0.0,0.0,0.0,0.0,0.0
7.09,0.0,0.0,0.0,0.0,0.0,0.0,0.0,0.0,0.0
7.1,0.0,0.0,0.0,0.0,0.0,0.0,0.0,0.0,0.0
7.11,0.0,0.0,0.0,0.0,0.0,0.0,0.0,0.0,0.0
7.12,0.0,0.0,0.0,0.0,0.0,0.0,0.0,0.0,0.0
7.13,0.0,0.0,0.0,0.0,0.0,0.0,0.0,0.0,0.0
7.14,0.0,0.0,0.0,0.0,0.0,0.0,0.0,0.0,0.0
7.15,0.0,0.0,0.0,0.0,0.0,0.0,0.0,0.0,0.0
7.16,0.0,0.0,0.0,0.0,0.0,0.0,0.0,0.0,0.0
7.17,0.0,0.0,0.0,0.0,0.0,0.0,0.0,0.0,0.0
7.18,0.0,0.0,0.0,0.0,0.0,0.0,0.0,0.0,0.0
7.19,0.0,0.0,0.0,0.0,0.0,0.0,0.0,0.0,0.0
7.2,0.0,0.0,0.0,0.0,0.0,0.0,0.0,0.0,0.0
7.21,0.0,0.0,0.0,0.0,0.0,0.0,0.0,0.0,0.0
7.22,0.0,0.0,0.0,0.0,0.0,0.0,0.0,0.0,0.0
7.23,0.0,0.0,0.0,0.0,0.0,0.0,0.0,0.0,0.0
7.24,0.0,0.0,0.0,0.0,0.0,0.0,0.0,0.0,0.0
7.25,0.0,0.0,0.0,0.0,0.0,0.0,0.0,0.0,0.0
7.26,0.0,0.0,0.0,0.0,0.0,0.0,0.0,0.0,0.0
7.27,0.0,0.0,0.0,0.0,0.0,0.0,0.0,0.0,0.0
7.28,0.0,0.0,0.0,0.0,0.0,0.0,0.0,0.0,0.0
7.29,0.0,0.0,0.0,0.0,0.0,0.0,0.0,0.0,0.0
7.3,0.0,0.0,0.0,0.0,0.0,0.0,0.0,0.0,0.0
7.31,0.0,0.0,0.0,0.0,0.0,0.0,0.0,0.0,0.0
7.32,0.0,0.0,0.0,0.0,0.0,0.0,0.0,0.0,0.0
7.33,0.0,0.0,0.0,0.0,0.0,0.0,0.0,0.0,0.0
7.34,0.0,0.0,0.0,0.0,0.0,0.0,0.0,0.0,0.0
7.35,0.0,0.0,0.0,0.0,0.0,0.0,0.0,0.0,0.0
7.36,0.0,0.0,0.0,0.0,0.0,0.0,0.0,0.0,0.0
7.37,0.0,0.0,0.0,0.0,0.0,0.0,0.0,0.0,0.0
7.38,0.0,0.0,0.0,0.0,0.0,0.0,0.0,0.0,0.0
7.39,0.0,0.0,0.0,0.0,0.0,0.0,0.0,0.0,0.0
7.4,0.0,0.0,0.0,0.0,0.0,0.0,0.0,0.0,0.0
7.41,0.0,0.0,0.0,0.0,0.0,0.0,0.0,0.0,0.0
7.42,0.0,0.0,0.0,0.0,0.0,0.0,0.0,0.0,0.0
7.43,0.0,0.0,0.0,0.0,0.0,0.0,0.0,0.0,0.0
7.44,0.0,0.0,0.0,0.0,0.0,0.0,0.0,0.0,0.0
7.45,0.0,0.0,0.0,0.0,0.0,0.0,0.0,0.0,0.0
7.46,0.0,0.0,0.0,0.0,0.0,0.0,0.0,0.0,0.0
7.47,0.0,0.0,0.0,0.0,0.0,0.0,0.0,0.0,0.0
7.48,0.0,0.0,0.0,0.0,0.0,0.0,0.0,0.0,0.0
7.49,0.0,0.0,0.0,0.0,0.0,0.0,0.0,0.0,0.0
7.5,0.0,0.0,0.0,0.0,0.0,0.0,0.0,0.0,0.0
7.51,0.0,0.0,0.0,0.0,0.0,0.0,0.0,0.0,0.0
7.52,0.0,0.0,0.0,0.0,0.0,0.0,0.0,0.0,0.0
7.53,0.0,0.0,0.0,0.0,0.0,0.0,0.0,0.0,0.0
7.54,0.0,0.0,0.0,0.0,0.0,0.0,0.0,0.0,0.0
7.55,0.0,0.0,0.0,0.0,0.0,0.0,0.0,0.0,0.0
7.56,0.0,0.0,0.0,0.0,0.0,0.0,0.0,0.0,0.0
7.57,0.0,0.0,0.0,0.0,0.0,0.0,0.0,0.0,0.0
7.58,0.0,0.0,0.0,0.0,0.0,0.0,0.0,0.0,0.0
7.59,0.0,0.0,0.0,0.0,0.0,0.0,0.0,0.0,0.0
7.6,0.0,0.0,0.0,0.0,0.0,0.0,0.0,0.0,0.0
7.61,0.0,0.0,0.0,0.0,0.0,0.0,0.0,0.0,0.0
7.62,0.0,0.0,0.0,0.0,0.0,0.0,0.0,0.0,0.0
7.63,0.0,0.0,0.0,0.0,0.0,0.0,0.0,0.0,0.0
7.64,0.0,0.0,0.0,0.0,0.0,0.0,0.0,0.0,0.0
7.65,0.0,0.0,0.0,0.0,0.0,0.0,0.0,0.0,0.0
7.66,0.0,0.0,0.0,0.0,0.0,0.0,0.0,0.0,0.0
7.67,0.0,0.0,0.0,0.0,0.0,0.0,0.0,0.0,0.0
7.68,0.0,0.0,0.0,0.0,0.0,0.0,0.0,0.0,0.0
7.69,0.0,0.0,0.0,0.0,0.0,0.0,0.0,0.0,0.0
7.7,0.0,0.0,0.0,0.0,0.0,0.0,0.0,0.0,0.0
7.71,0.0,0.0,0.0,0.0,0.0,0.0,0.0,0.0,0.0
7.72,0.0,0.0,0.0,0.0,0.0,0.0,0.0,0.0,0.0
7.73,0.0,0.0,0.0,0.0,0.0,0.0,0.0,0.0,0.0
7.74,0.0,0.0,0.0,0.0,0.0,0.0,0.0,0.0,0.0
7.75,0.0,0.0,0.0,0.0,0.0,0.0,0.0,0.0,0.0
7.76,0.0,0.0,0.0,0.0,0.0,0.0,0.0,0.0,0.0
7.77,0.0,0.0,0.0,0.0,0.0,0.0,0.0,0.0,0.0
7.78,0.0,0.0,0.0,0.0,0.0,0.0,0.0,0.0,0.0
7.79,0.0,0.0,0.0,0.0,0.0,0.0,0.0,0.0,0.0
7.8,0.0,0.0,0.0,0.0,0.0,0.0,0.0,0.0,0.0
7.81,0.0,0.0,0.0,0.0,0.0,0.0,0.0,0.0,0.0
7.82,0.0,0.0,0.0,0.0,0.0,0.0,0.0,0.0,0.0
7.83,0.0,0.0,0.0,0.0,0.0,0.0,0.0,0.0,0.0
7.84,0.0,0.0,0.0,0.0,0.0,0.0,0.0,0.0,0.0
7.85,0.0,0.0,0.0,0.0,0.0,0.0,0.0,0.0,0.0
7.86,0.0,0.0,0.0,0.0,0.0,0.0,0.0,0.0,0.0
7.87,0.0,0.0,0.0,0.0,0.0,0.0,0.0,0.0,0.0
7.88,0.0,0.0,0.0,0.0,0.0,0.0,0.0,0.0,0.0
7.89,0.0,0.0,0.0,0.0,0.0,0.0,0.0,0.0,0.0
7.9,0.0,0.0,0.0,0.0,0.0,0.0,0.0,0.0,0.0
7.91,0.0,0.0,0.0,0.0,0.0,0.0,0.0,0.0,0.0
7.92,0.0,0.0,0.0,0.0,0.0,0.0,0.0,0.0,0.0
7.93,0.0,0.0,0.0,0.0,0.0,0.0,0.0,0.0,0.0
7.94,0.0,0.0,0.0,0.0,0.0,0.0,0.0,0.0,0.0
7.95,0.0,0.0,0.0,0.0,0.0,0.0,0.0,0.0,0.0
7.96,0.0,0.0,0.0,0.0,0.0,0.0,0.0,0.0,0.0
7.97,0.0,0.0,0.0,0.0,0.0,0.0,0.0,0.0,0.0
7.98,0.0,0.0,0.0,0.0,0.0,0.0,0.0,0.0,0.0
7.99,0.0,0.0,0.0,0.0,0.0,0.0,0.0,0.0,0.0
8.0,0.0,0.0,0.0,0.0,0.0,0.0,0.0,0.0,0.0
8.01,0.0,0.0,0.0,0.0,0.0,0.0,0.0,0.0,0.0
8.02,0.0,0.0,0.0,0.0,0.0,0.0,0.0,0.0,0.0
8.03,0.0,0.0,0.0,0.0,0.0,0.0,0.0,0.0,0.0
8.04,0.0,0.0,0.0,0.0,0.0,0.0,0.0,0.0,0.0
8.05,0.0,0.0,0.0,0.0,0.0,0.0,0.0,0.0,0.0
8.06,0.0,0.0,0.0,0.0,0.0,0.0,0.0,0.0,0.0
8.07,0.0,0.0,0.0,0.0,0.0,0.0,0.0,0.0,0.0
8.08,0.0,0.0,0.0,0.0,0.0,0.0,0.0,0.0,0.0
8.09,0.0,0.0,0.0,0.0,0.0,0.0,0.0,0.0,0.0
8.1,0.0,0.0,0.0,0.0,0.0,0.0,0.0,0.0,0.0
8.11,0.0,0.0,0.0,0.0,0.0,0.0,0.0,0.0,0.0
8.12,0.0,0.0,0.0,0.0,0.0,0.0,0.0,0.0,0.0
8.13,0.0,0.0,0.0,0.0,0.0,0.0,0.0,0.0,0.0
8.14,0.0,0.0,0.0,0.0,0.0,0.0,0.0,0.0,0.0
8.15,0.0,0.0,0.0,0.0,0.0,0.0,0.0,0.0,0.0
8.16,0.0,0.0,0.0,0.0,0.0,0.0,0.0,0.0,0.0
8.17,0.0,0.0,0.0,0.0,0.0,0.0,0.0,0.0,0.0
8.18,0.0,0.0,0.0,0.0,0.0,0.0,0.0,0.0,0.0
8.19,0.0,0.0,0.0,0.0,0.0,0.0,0.0,0.0,0.0
8.2,0.0,0.0,0.0,0.0,0.0,0.0,0.0,0.0,0.0
8.21,0.0,0.0,0.0,0.0,0.0,0.0,0.0,0.0,0.0
8.22,0.0,0.0,0.0,0.0,0.0,0.0,0.0,0.0,0.0
8.23,0.0,0.0,0.0,0.0,0.0,0.0,0.0,0.0,0.0
8.24,0.0,0.0,0.0,0.0,0.0,0.0,0.0,0.0,0.0
8.25,0.0,0.0,0.0,0.0,0.0,0.0,0.0,0.0,0.0
8.26,0.0,0.0,0.0,0.0,0.0,0.0,0.0,0.0,0.0
8.27,0.0,0.0,0.0,0.0,0.0,0.0,0.0,0.0,0.0
8.28,0.0,0.0,0.0,0.0,0.0,0.0,0.0,0.0,0.0
8.29,0.0,0.0,0.0,0.0,0.0,0.0,0.0,0.0,0.0
8.3,0.0,0.0,0.0,0.0,0.0,0.0,0.0,0.0,0.0
8.31,0.0,0.0,0.0,0.0,0.0,0.0,0.0,0.0,0.0
8.32,0.0,0.0,0.0,0.0,0.0,0.0,0.0,0.0,0.0
8.33,0.0,0.0,0.0,0.0,0.0,0.0,0.0,0.0,0.0
8.34,0.0,0.0,0.0,0.0,0.0,0.0,0.0,0.0,0.0
8.35,0.19854595509026976,-0.13447756465941535,-0.006821361952495812,0.0009927297754513276,-0.0006723878232970625,-3.410680976247833e-05,4.963648877256533e-06,-3.3619391164852406e-06,-1.7053404881238803e-07
8.36,1.0990062929341486,-0.5982558167201271,-0.009493102882581624,0.007480491015573281,-0.004336054730194697,-0.00011567913393786377,4.732975283237867e-05,-2.8404151883943503e-05,-9.194637673140826e-07
8.37,0.9636089266531778,-0.5365841186154519,0.036384009552997004,0.01779356711350969,-0.01001025440687247,1.8775399414210265e-05,0.00017370004347779083,-0.0001001356975692778,-1.4039824399323397e-06
8.38,0.3485935432568803,-0.3686372912539931,-0.10314346128420931,0.024354579463061007,-0.014536361456220401,-0.00031502185924190345,0.00038444077636067724,-0.0002228687768847613,-2.8852147390710374e-06
8.39,-0.6147920368625465,0.11551519337615426,0.07785348009179704,0.023023586995032704,-0.015801971945609568,-0.00044147176520396207,0.0006213316086511408,-0.0003745604438939079,-6.667682861300284e-06
8.4,-0.4260842964613864,0.38577300841821466,0.020428923557288627,0.017819205328413152,-0.013295530936637776,4.994025304145579e-05,0.0008255455702683657,-0.0005200479583051416,-8.625340422112774e-06
8.41,-1.0646526662719527,0.782797065267414,-0.0324673832771844,0.010365520514746616,-0.007452680568209758,-1.0252045558021808e-05,0.0009664691994841616,-0.000623789015829377,-8.426899384695608e-06
8.42,-0.2564662875850481,0.24948361086704413,-0.0022112257428120604,0.003759925745461754,-0.002291277187537577,-0.00018364509065800042,0.001037096430785202,-0.0006725088046081126,-9.396385065775699e-06
8.43,0.0,0.0,0.0,0.002477594307536541,-0.001043859133202383,-0.00019470121937206048,0.0010682840310501927,-0.000689184486211812,-1.1288116615925962e-05
8.44,0.0,0.0,0.0,0.002477594307536541,-0.001043859133202383,-0.00019470121937206048,0.0010930599741255575,-0.0006996230775438356,-1.3235128809646525e-05
8.45,0.0,0.0,0.0,0.002477594307536541,-0.001043859133202383,-0.00019470121937206048,0.0011178359172009224,-0.0007100616688758592,-1.5182141003367088e-05
8.46,0.0,0.0,0.0,0.002477594307536541,-0.001043859133202383,-0.00019470121937206048,0.0011426118602762916,-0.0007205002602078846,-1.7129153197088e-05
8.47,0.0,0.0,0.0,0.002477594307536541,-0.001043859133202383,-0.00019470121937206048,0.0011673878033516564,-0.0007309388515399082,-1.9076165390808564e-05
8.48,0.0,0.0,0.0,0.002477594307536541,-0.001043859133202383,-0.00019470121937206048,0.0011921637464270213,-0.0007413774428719318,-2.1023177584529125e-05
8.49,0.0,0.0,0.0,0.002477594307536541,-0.001043859133202383,-0.00019470121937206048,0.0012169396895023862,-0.0007518160342039554,-2.2970189778249687e-05
8.5,0.0,0.0,0.0,0.002477594307536541,-0.001043859133202383,-0.00019470121937206048,0.001241715632577751,-0.000762254625535979,-2.4917201971970248e-05
8.51,0.0,0.0,0.0,0.002477594307536541,-0.001043859133202383,-0.00019470121937206048,0.001266491575653116,-0.0007726932168680026,-2.686421416569081e-05
8.52,0.0,0.0,0.0,0.002477594307536541,-0.001043859133202383,-0.00019470121937206048,0.0012912675187284808,-0.0007831318082000262,-2.881122635941137e-05
8.53,0.0,0.0,0.0,0.002477594307536541,-0.001043859133202383,-0.00019470121937206048,0.0013160434618038456,-0.0007935703995320498,-3.075823855313193e-05
8.54,0.0,0.0,0.0,0.002477594307536541,-0.001043859133202383,-0.00019470121937206048,0.0013408194048792105,-0.0008040089908640733,-3.2705250746852494e-05
8.55,0.0,0.0,0.0,0.002477594307536541,-0.001043859133202383,-0.00019470121937206048,0.0013655953479545797,-0.0008144475821960988,-3.46522629405734e-05
8.56,0.0,0.0,0.0,0.002477594307536541,-0.001043859133202383,-0.00019470121937206048,0.0013903712910299446,-0.0008248861735281224,-3.659927513429396e-05
8.57,0.0,0.0,0.0,0.002477594307536541,-0.001043859133202383,-0.00019470121937206048,0.0014151472341053094,-0.000835324764860146,-3.8546287328014524e-05
8.58,0.0,0.0,0.0,0.002477594307536541,-0.001043859133202383,-0.00019470121937206048,0.0014399231771806743,-0.0008457633561921695,-4.0493299521735085e-05
8.59,0.0,0.0,0.0,0.002477594307536541,-0.001043859133202383,-0.00019470121937206048,0.0014646991202560391,-0.0008562019475241931,-4.2440311715455646e-05
8.6,0.0,0.0,0.0,0.002477594307536541,-0.001043859133202383,-0.00019470121937206048,0.001489475063331404,-0.0008666405388562167,-4.438732390917621e-05
8.61,0.0,0.0,0.0,0.002477594307536541,-0.001043859133202383,-0.00019470121937206048,0.0015142510064067689,-0.0008770791301882403,-4.633433610289677e-05
8.62,0.0,0.0,0.0,0.002477594307536541,-0.001043859133202383,-0.00019470121937206048,0.0015390269494821337,-0.0008875177215202639,-4.828134829661733e-05
8.63,0.0,0.0,0.0,0.002477594307536541,-0.001043859133202383,-0.00019470121937206048,0.001563802892557503,-0.0008979563128522893,-5.022836049033824e-05
8.64,0.0,0.0,0.0,0.002477594307536541,-0.001043859133202383,-0.00019470121937206048,0.0015885788356328678,-0.0009083949041843129,-5.21753726840588e-05
8.65,0.0,0.0,0.0,0.002477594307536541,-0.001043859133202383,-0.00019470121937206048,0.0016133547787082327,-0.0009188334955163365,-5.412238487777936e-05
8.66,0.0,0.0,0.0,0.002477594307536541,-0.001043859133202383,-0.00019470121937206048,0.0016381307217835975,-0.0009292720868483601,-5.606939707149992e-05
8.67,0.0,0.0,0.0,0.002477594307536541,-0.001043859133202383,-0.00019470121937206048,0.0016629066648589624,-0.0009397106781803837,-5.8016409265220483e-05
8.68,0.0,0.0,0.0,0.002477594307536541,-0.001043859133202383,-0.00019470121937206048,0.0016876826079343273,-0.0009501492695124073,-5.9963421458941045e-05
8.69,0.0,0.0,0.0,0.002477594307536541,-0.001043859133202383,-0.00019470121937206048,0.0017124585510096921,-0.0009605878608444308,-6.191043365266161e-05
8.7,0.0,0.0,0.0,0.002477594307536541,-0.001043859133202383,-0.00019470121937206048,0.001737234494085057,-0.0009710264521764544,-6.385744584638217e-05
8.71,0.0,0.0,0.0,0.002477594307536541,-0.001043859133202383,-0.00019470121937206048,0.0017620104371604262,-0.00098146504350848,-6.580445804010309e-05
8.72,0.0,0.0,0.0,0.002477594307536541,-0.001043859133202383,-0.00019470121937206048,0.001786786380235791,-0.0009919036348405037,-6.775147023382365e-05
8.73,0.0,0.0,0.0,0.002477594307536541,-0.001043859133202383,-0.00019470121937206048,0.001811562323311156,-0.0010023422261725274,-6.969848242754421e-05
8.74,0.0,0.0,0.0,0.002477594307536541,-0.001043859133202383,-0.00019470121937206048,0.0018363382663865208,-0.001012780817504551,-7.164549462126477e-05
8.75,0.0,0.0,0.0,0.002477594307536541,-0.001043859133202383,-0.00019470121937206048,0.0018611142094618856,-0.0010232194088365747,-7.359250681498533e-05
8.76,0.0,0.0,0.0,0.002477594307536541,-0.001043859133202383,-0.00019470121937206048,0.0018858901525372505,-0.0010336580001685984,-7.55395190087059e-05
8.77,0.0,0.0,0.0,0.002477594307536541,-0.001043859133202383,-0.00019470121937206048,0.0019106660956126154,-0.0010440965915006221,-7.748653120242646e-05
8.78,0.0,0.0,0.0,0.002477594307536541,-0.001043859133202383,-0.00019470121937206048,0.0019354420386879802,-0.0010545351828326458,-7.943354339614702e-05
8.79,0.0,0.0,0.0,0.002477594307536541,-0.001043859133202383,-0.00019470121937206048,0.0019602179817633453,-0.0010649737741646695,-8.138055558986758e-05
8.8,0.0,0.0,0.0,0.002477594307536541,-0.001043859133202383,-0.00019470121937206048,0.0019849939248387147,-0.001075412365496695,-8.33275677835885e-05
8.81,0.0,0.0,0.0,0.002477594307536541,-0.001043859133202383,-0.00019470121937206048,0.00200976986791408,-0.0010858509568287187,-8.527457997730905e-05
8.82,0.0,0.0,0.0,0.002477594307536541,-0.001043859133202383,-0.00019470121937206048,0.002034545810989445,-0.0010962895481607423,-8.722159217102962e-05
8.83,0.0,0.0,0.0,0.002477594307536541,-0.001043859133202383,-0.00019470121937206048,0.00205932175406481,-0.001106728139492766,-8.916860436475018e-05
8.84,0.0,0.0,0.0,0.002477594307536541,-0.001043859133202383,-0.00019470121937206048,0.002084097697140175,-0.0011171667308247897,-9.111561655847074e-05
8.85,0.0,0.0,0.0,0.002477594307536541,-0.001043859133202383,-0.00019470121937206048,0.00210887364021554,-0.0011276053221568134,-9.30626287521913e-05
8.86,0.0,0.0,0.0,0.002477594307536541,-0.001043859133202383,-0.00019470121937206048,0.002133649583290905,-0.0011380439134888371,-9.500964094591186e-05
8.87,0.0,0.0,0.0,0.002477594307536541,-0.001043859133202383,-0.00019470121937206048,0.0021584255263662703,-0.0011484825048208608,-9.695665313963242e-05
8.88,0.0,0.0,0.0,0.002477594307536541,-0.001043859133202383,-0.00019470121937206048,0.0021832014694416397,-0.0011589210961528863,-9.890366533335334e-05
8.89,0.0,0.0,0.0,0.002477594307536541,-0.001043859133202383,-0.00019470121937206048,0.002207977412517005,-0.00116935968748491,-0.0001008506775270739
8.9,0.0,0.0,0.0,0.002477594307536541,-0.001043859133202383,-0.00019470121937206048,0.00223275335559237,-0.0011797982788169336,-0.00010279768972079446
8.91,0.0,0.0,0.0,0.002477594307536541,-0.001043859133202383,-0.00019470121937206048,0.002257529298667735,-0.0011902368701489573,-0.00010474470191451502
8.92,0.0,0.0,0.0,0.002477594307536541,-0.001043859133202383,-0.00019470121937206048,0.0022823052417431,-0.001200675461480981,-0.00010669171410823558
8.93,0.20032703293470377,-0.2348167586906492,-0.020569397151485837,0.0034792294722100388,-0.002217942926655604,-0.00029754820512948747,0.002312089360641832,-0.0012169844717802706,-0.00010915296123074328
8.94,0.0,0.0,0.0,0.0044808646368835366,-0.003392026720108825,-0.00040039519088691446,0.0023518898311872993,-0.0012450343200140922,-0.00011264267821082521
8.95,-0.17539567817368984,0.12401244531766913,0.008104761177574853,0.003603886246015106,-0.0027719644935204923,-0.00035987138499904105,0.0023923135856017915,-0.0012758542760822381,-0.0001164440110902549
8.96,0.0,0.0,0.0,0.0027269078551465198,-0.0021519022669320496,-0.00031934757911116044,0.002423967556107605,-0.0013004736098845046,-0.00011984010591080644
8.97,0.0,0.0,0.0,0.0027269078551465198,-0.0021519022669320496,-0.00031934757911116044,0.0024512366346590695,-0.0013219926325538246,-0.00012303358170191798
8.98,0.0,0.0,0.0,0.0027269078551465198,-0.0021519022669320496,-0.00031934757911116044,0.0024785057132105342,-0.0013435116552231445,-0.0001262270574930295
8.99,0.0,0.0,0.0,0.0027269078551465198,-0.0021519022669320496,-0.00031934757911116044,0.002505774791761999,-0.0013650306778924645,-0.00012942053328414104
9.0,0.0,0.0,0.0,0.0027269078551465198,-0.0021519022669320496,-0.00031934757911116044,0.0025330438703134637,-0.0013865497005617845,-0.00013261400907525257
9.01,0.0,0.0,0.0,0.0027269078551465198,-0.0021519022669320496,-0.00031934757911116044,0.0025603129488649284,-0.0014080687232311045,-0.0001358074848663641
9.02,-0.05537428607336722,0.21174345399215183,0.009932685548464552,0.0024500364247796898,-0.001093184996971313,-0.00026968415136883876,0.002586197670264559,-0.001424294159550621,-0.00013875264351876404
9.03,-0.09680698988375826,0.18777613988761174,-0.01010753091613187,0.0016891300449940786,0.000904412972427462,-0.00027055837820717533,0.0026068935026134273,-0.0014252380196733401,-0.00014145385616664405
9.04,0.0,0.0,0.0,0.0012050950955752977,0.0018432936718655007,-0.0003210960327878336,0.0026213646283162737,-0.0014114994864518756,-0.00014441212822161904
9.05,0.0,0.0,0.0,0.0012050950955752977,0.0018432936718655007,-0.0003210960327878336,0.0026334155792720284,-0.0013930665497332178,-0.00014762308854949789
9.06,0.0,0.0,0.0,0.0012050950955752977,0.0018432936718655007,-0.0003210960327878336,0.002645466530227781,-0.0013746336130145633,-0.00015083404887737616
9.07,0.0,0.0,0.0,0.0012050950955752977,0.0018432936718655007,-0.0003210960327878336,0.0026575174811835334,-0.0013562006762959087,-0.00015404500920525443
9.08,0.0,0.0,0.0,0.0012050950955752977,0.0018432936718655007,-0.0003210960327878336,0.002669568432139286,-0.0013377677395772542,-0.0001572559695331327
9.09,0.0,0.0,0.0,0.0012050950955752977,0.0018432936718655007,-0.0003210960327878336,0.0026816193830950384,-0.0013193348028585996,-0.00016046692986101098
9.1,0.0,0.0,0.0,0.0012050950955752977,0.0018432936718655007,-0.0003210960327878336,0.002693670334050791,-0.001300901866139945,-0.00016367789018888925
9.11,0.4050395835428959,-0.06676179394173541,-0.02005500940673417,0.0032302930132897343,0.0015094847021568307,-0.0004213710798215023,0.0027158472745951157,-0.0012841379742698337,-0.00016739022575193584
9.12,0.3318047301360617,-0.32685535074316935,-0.010311905412893169,0.006914514581684444,-0.00045860102126765116,-0.0005732056539196358,0.0027665713125699853,-0.001278883555865388,-0.00017236310942064144
9.13,-0.2606598892971958,0.08300144259167166,0.04292354244329362,0.007270238785878829,-0.00167787056202533,-0.0004101474687676081,0.0028374950794078126,-0.0012895659137818545,-0.00017727987503407842
9.14,-0.5630877343983155,0.2701415407896734,-0.043853123610585354,0.0031515006674013605,8.784435488135771e-05,-0.00041479537460406665,0.0028896037766742125,-0.0012975160448175742,-0.0001814045892509367
9.15,0.0,0.0,0.0,0.000336061995409843,0.001438552058829696,-0.0006340609926569887,0.0029070415899882683,-0.0012898840627490191,-0.00018664887108724187
9.16,0.0,0.0,0.0,0.000336061995409843,0.001438552058829696,-0.0006340609926569887,0.0029104022099423667,-0.0012754985421607225,-0.00019298948101381162
9.17,-0.223632927201552,-0.25914260666434186,0.007659065220998141,-0.0007821026405978931,0.00014283902550801418,-0.0005957656665519988,0.0029081720067164266,-0.001267591586739034,-0.00019913861430985642
9.18,-0.6070466596598058,-0.17169982062959335,-0.13444246237850085,-0.004935500574904593,-0.0020113731109616157,-0.001229682652339499,0.002879583990638915,-0.001276934257166302,-0.00020826585590431372
9.19,-0.520403274233786,-0.2699994335638638,0.054812153272666544,-0.01057275024437243,-0.004219869381928854,-0.001627834197868662,0.002802042736542531,-0.0013080904696307536,-0.00022255344015535423
9.2,0.5267986731523401,-0.07126498166743425,0.08742648008765964,-0.01054077324977966,-0.005926191458085308,-0.0009166410310670463,0.002696475119071773,-0.0013588207738308234,-0.0002352758163000325
9.21,0.4982865400393566,-0.26296182267973445,0.21033121991839426,-0.0054153471838203765,-0.007597325479821413,0.0005721474689634559,0.0026166945169037604,-0.0014264383585203676,-0.00023699828411055072
9.22,0.282804645208554,0.1806500415170466,0.16061050365330695,-0.0015098912575809069,-0.008008884385634843,0.0024268560868219223,0.0025820683246967546,-0.0015044694078476472,-0.00022200326633162415
9.23,0.4390456498406844,0.01182496465996126,0.07701830210068417,0.002099360217665208,-0.0070465093547498235,0.0036150001155918527,0.002585015669497176,-0.0015797463765495688,-0.00019179398531955592
9.24,-0.0808993942512645,0.23935863737401822,0.1785102999462525,0.0038900914956122696,-0.0057905913445799526,0.004892643125826509,0.002614962928063563,-0.0016439318800462164,-0.00014925576911246503
9.25,0.12160762095204168,-0.14465589733321485,0.07135900485958335,0.004093632629116151,-0.005317077644375946,0.006141989649855662,0.002654881548687204,-0.0016994702249909948,-9.408260523405536e-05
9.26,0.025570548727419484,-0.07985918527134166,-0.09234434131308335,0.004829523477513442,-0.006439653057398704,0.006037062967588164,0.002699497329220351,-0.0017582538784998668,-3.318734214683753e-05
9.27,-0.12483501891684995,-0.054494751451461744,-0.09995324698144636,0.0043332011265663,-0.007111422741012707,0.0050755750261155365,0.002745310952240749,-0.0018260092574919225,2.2375847821679793e-05
9.28,0.0,0.0,0.0,0.0037090260319820635,-0.0073838964982700095,0.004575808791208316,0.0027855220880334897,-0.0018984858536883345,7.063276690829803e-05
9.29,0.0,0.0,0.0,0.0037090260319820635,-0.0073838964982700095,0.004575808791208316,0.0028226123483533097,-0.001972324818671033,0.00011639085482038021
9.3,-0.09805081029132336,0.028495075161889157,0.14144380938026924,0.00321877198052537,-0.007241421122460541,0.005283027838109773,0.002857251338415852,-0.002045451406774697,0.00016568503796697835
9.31,-0.0955194680080511,0.029783392524401292,-0.19813412075730666,0.0022509205890285187,-0.006950028784029096,0.004999576281224592,0.002884599801263621,-0.002116408656307144,0.0002170980585636491
9.32,-0.08054152625002525,0.17560252691748712,0.2805065646195629,0.0013706156177381557,-0.005923099186819675,0.005411438500535864,0.0029027074822974537,-0.002180774296161386,0.0002691531324724503
9.33,-0.0954170512866399,-0.09514315806641431,-0.024658813461051865,0.0004908227300548486,-0.00552080234256432,0.006690677256328392,0.0029120146740364184,-0.002237993803808305,0.0003296637112567703
9.34,-0.03008384872208346,-0.10447438119961318,-0.05658498903850328,-0.00013668176998875476,-0.006518890038894436,0.006284458243830625,0.0029137853788367488,-0.002298192265715597,0.00039453938875756397
9.35,0.1174181310756061,-0.05105214494772775,0.04192793069079906,0.00029998964177884916,-0.007296522669631124,0.006211172952092105,0.0029146019181956993,-0.0023672693292582235,0.00045701754473717626
9.36,0.0,0.0,0.0,0.0008870802971568672,-0.007551783394369757,0.006420812605546096,0.002920537267890378,-0.0024415108595782263,0.0005201774725253659
9.37,-0.01341226275077112,0.17824368075838024,-0.018181828715098533,0.000820018983403013,-0.006660564990577875,0.006329903461970605,0.002929072764293177,-0.002512572601502963,0.000583931052862948
9.38,0.0,0.0,0.0,0.000752957669649147,-0.005769346586785834,0.006238994318395098,0.002936937647558439,-0.0025747221593897915,0.0006467755417647863
9.39,0.0,0.0,0.0,0.000752957669649147,-0.005769346586785834,0.006238994318395098,0.0029444672242549303,-0.0026324156252576485,0.0007091654849487359
9.4,0.0,0.0,0.0,0.000752957669649147,-0.005769346586785834,0.006238994318395098,0.0029519968009514216,-0.0026901090911255056,0.0007715554281326855
9.41,0.005689128346419026,-0.1150658546388874,-0.0385220727527005,0.0007814033113812415,-0.006344675859980259,0.006046383954631599,0.0029596686058565736,-0.002750679203359335,0.0008329823194978176
9.42,0.07162472338477696,0.24264463146490334,-0.005195233238786631,0.0011679725700372132,-0.005706781975850193,0.005827797424674168,0.0029694154852636656,-0.0028109364925384857,0.0008923532263943452
9.43,0.0,0.0,0.0,0.0015260961869610903,-0.004493558818525702,0.005801821258480236,0.0029828858290486568,-0.002861938196510364,0.000950501319810116
9.44,-0.04183403243112073,0.21540050148675996,0.014357330039274153,0.0013169260248054912,-0.003416556311091925,0.005873607908676605,0.002997100940107489,-0.002901488772158451,0.001008878465645899
9.45,-0.17885125215378878,0.0020595194543777564,-0.019352962669556738,0.00021349960188096718,-0.0023292562063862597,0.005848629745525192,0.0030047530682409214,-0.0029302178347458416,0.0010674896539169068
9.46,0.13068966210224034,0.23572608559782177,0.003754489669266778,-2.7308348376812644e-05,-0.0011403281811250762,0.00577063738052373,0.0030056840245084424,-0.002947565756683401,0.0011255859895471605
9.47,-0.00772741986394433,0.12538167650375992,0.03946161610792388,0.0005875028628146543,0.0006652106293827938,0.0059867179094096785,0.0030084849970806317,-0.002949941344442112,0.0011843727659968262
9.48,0.06323672259310043,0.3932555132203413,-0.02075046697459706,0.0008650493764604289,0.0032583965780032444,0.006080273655076311,0.0030157477582770068,-0.0029303233084051823,0.0012447077238192548
9.49,0.0421588510208576,-0.18205259954806052,-0.01407409637658556,0.0013920272445302078,0.004314411146364626,0.005906150838320402,0.0030270331413819597,-0.0028924592697833437,0.001304639846286237
9.5,0.0,0.0,0.0,0.0016028214996344913,0.003404148148624343,0.0058357803564374755,0.0030420073851027828,-0.0028538664733083995,0.0013633495022600253
9.51,0.0,0.0,0.0,0.0016028214996344913,0.003404148148624343,0.0058357803564374755,0.0030580356000991273,-0.002819824991822157,0.0014217073058243987
9.52,0.0,0.0,0.0,0.0016028214996344913,0.003404148148624343,0.0058357803564374755,0.0030740638150954717,-0.002785783510335914,0.0014800651093887722
9.53,0.08642092424928972,-0.08722425048669047,-0.035884440583971604,0.0020349261208809305,0.0029680268961909,0.005656358153517622,0.0030922525531980483,-0.0027539226351118388,0.0015375258019385465
9.54,0.0,0.0,0.0,0.00246703074212737,0.002531905643757457,0.005476935950597768,0.003114762337513089,-0.0027264229724120975,0.0015931922724591223
9.55,0.0,0.0,0.0,0.00246703074212737,0.002531905643757457,0.005476935950597768,0.003139432644934367,-0.002701103915974519,0.0016479616319651086
9.56,-0.06119245489141047,0.09727088321048993,0.013421191252634778,0.002161068467670324,0.0030182600598098967,0.00554404190686094,0.003162573140983355,-0.002673353087456683,0.0017030665212524009
9.57,-0.1468057249466459,0.159773956260414,-0.007344428722088197,0.0011210775684800643,0.0043034842571643885,0.005574425719513673,0.0031789838711641064,-0.0026367443658718123,0.0017586588593842727
9.58,0.0,0.0,0.0,0.0003870489437468505,0.005102354038466442,0.005537703575903233,0.003186524503725241,-0.002589715174393659,0.001814219505861356
9.59,0.0,0.0,0.0,0.0003870489437468505,0.005102354038466442,0.005537703575903233,0.0031903949931627092,-0.0025386916340089955,0.001869596541620387
9.6,0.0,0.0,0.0,0.0003870489437468505,0.005102354038466442,0.005537703575903233,0.0031942654826001777,-0.002487668093624332,0.0019249735773794181
9.61,0.0,0.0,0.0,0.0003870489437468505,0.005102354038466442,0.005537703575903233,0.003198135972037646,-0.0024366445532396684,0.0019803506131384494
9.62,0.0,0.0,0.0,0.0003870489437468505,0.005102354038466442,0.005537703575903233,0.0032020064614751145,-0.002385621012855005,0.0020357276488974806
9.63,0.0,0.0,0.0,0.0003870489437468505,0.005102354038466442,0.005537703575903233,0.0032058769509125838,-0.0023345974724703327,0.0020911046846565215
9.64,0.0,0.0,0.0,0.0003870489437468505,0.005102354038466442,0.005537703575903233,0.003209747440350052,-0.002283573932085669,0.0021464817204155527
9.65,0.0,0.0,0.0,0.0003870489437468505,0.005102354038466442,0.005537703575903233,0.0032136179297875206,-0.0022325503917010056,0.002201858756174584
9.66,0.0,0.0,0.0,0.0003870489437468505,0.005102354038466442,0.005537703575903233,0.003217488419224989,-0.002181526851316342,0.0022572357919336153
9.67,0.0,0.0,0.0,0.0003870489437468505,0.005102354038466442,0.005537703575903233,0.0032213589086624575,-0.0021305033109316786,0.0023126128276926465
9.68,0.0,0.0,0.0,0.0003870489437468505,0.005102354038466442,0.005537703575903233,0.003225229398099926,-0.002079479770547015,0.002367989863451678
9.69,0.10304913444364007,-0.20487582615240835,-0.00654030870631113,0.0009022946159650398,0.004077974907704422,0.0055050020323716775,0.003231676115898485,-0.0020335781258161616,0.002423203391493051
9.7,0.0,0.0,0.0,0.0014175402881832291,0.003053595776942402,0.005472300488840122,0.003243275290419226,-0.0019979202723929283,0.002478089904099109
9.71,0.10141203894210002,-0.2308797757311251,-0.008949308959501905,0.0019246004828938085,0.001899196898286596,0.005427553944042606,0.0032599859942746136,-0.0019731563090167794,0.002532589176263531
9.72,0.026177585962035673,-0.5392947109094979,-0.0102992560821413,0.0025625486074144733,-0.0019516755349164364,0.005331311118834392,0.0032824217397261547,-0.0019734187021999286,0.002586383501577915
9.73,-0.12211500588152023,0.07763019611705639,0.020152851842863004,0.0020828615078170606,-0.004259998108878595,0.005380579097637999,0.003305648790302312,-0.002004477070418903,0.0026399429526602755
9.74,-0.09869676376162298,-0.03053710863428233,-0.023737576712985868,0.000978802659601368,-0.004024532671464729,0.005362655473287385,0.0033209571111394035,-0.002045899724320619,0.002693659125514901
9.75,-0.07524890731546433,-0.26238277865549675,0.03325698447639509,0.00010907430421595009,-0.005489132107913594,0.00541025251210443,0.00332639649595849,-0.0020934680482175097,0.002747523665441859
9.76,-0.024194948551504055,-0.21942291017975588,-0.03704089851021834,-0.00038814497511888125,-0.007898160552089806,0.005391332941935314,0.0033250011426039757,-0.0021604045115175253,0.002801531592712057
9.77,0.06402552552972504,-0.4969045330379408,-0.0630303210360337,-0.00018899209022778056,-0.011479797768178212,0.004890976844204064,0.0033221154572772426,-0.0022572943031188633,0.002852943141642753
9.78,0.02588597226417742,-0.11711581073670821,-0.03897368556250623,0.0002605653987417222,-0.01454989948705139,0.004380956811211376,0.0033224733238198124,-0.0023874427893950086,0.002899302809919829
9.79,-0.17487162244815235,0.09192723234003083,0.16744139497026173,-0.00048436285217813666,-0.014675842379034774,0.005023295358250139,0.0033213543365526303,-0.0025335714987254365,0.0029463240707671354
9.8,-0.16112908709099383,-0.4524906562936233,-0.1515355861314238,-0.0021643663998741304,-0.01647865949880302,0.0051028244024443415,0.003308110690292367,-0.0026893440081146498,0.0029969546695706156
9.81,-0.08892350002485878,0.22593112085017916,0.0206972934369054,-0.0034146293354533667,-0.017611457176020216,0.004448632938971763,0.0032802157116157303,-0.002859794591488762,0.003044711956277695
9.82,-0.09978470350744689,0.0601591272381101,-0.0519274692384616,-0.004358170353114875,-0.0161810059355788,0.004292482059963985,0.00324135171317289,-0.0030287569070467537,0.003088417531272373
9.83,0.0,0.0,0.0,-0.004857093870652099,-0.015880210299388256,0.004032844713771683,0.0031952753920540563,-0.0031890629882215856,0.0031300441651410504
9.84,0.19773845760266145,0.10549802808876804,0.10685205781570348,-0.0038684015826388127,-0.015352720158944427,0.004567105002850189,0.003151647914787603,-0.003345227640513246,0.003173043913724159
9.85,0.08437296965728933,-0.17768589765808512,0.02168899908670998,-0.0024578444463390888,-0.015713659506791006,0.005209810287362242,0.0031200166846427142,-0.0035005595388419197,0.00322192849017522
9.86,0.058503267807532774,-0.13799264799200744,-0.07097040031066187,-0.0017434632590149937,-0.017292052235041436,0.0049634032812424875,0.003099010146115944,-0.0036655880975510783,0.0032727945580182426
9.87,0.10341280701466599,0.4364941523389978,-0.08305713353264461,-0.0009338828849040171,-0.015799544713306517,0.004193265612025971,0.0030856234153963493,-0.0038310460822928148,0.003318577902484584
9.88,-0.0008142636144548521,-0.3203074027429262,0.08438376787571909,-0.0004208901679028812,-0.015218610965326068,0.004199898783741345,0.0030788495501323137,-0.003986136860686002,0.0033605437244634273
9.89,0.07153349154202343,0.4246816872815971,0.14943488464289753,-6.729402826504587e-05,-0.014696739542632724,0.005368992046334403,0.003076408629151474,-0.004135713613225793,0.003408388178613805
9.9,0.0433859406840996,-0.45892045800253717,-0.05483717171456714,0.000507303132865557,-0.014867933396237421,0.005841980610976045,0.0030786086746744765,-0.004283536977920141,0.0034644430419003562
9.91,-0.04633534515020222,0.0475573452559881,-0.5130225503085044,0.0004925561105350442,-0.016924748959970124,0.0030026820008607477,0.0030836079708914796,-0.004442500389701175,0.0035086663549595393
9.92,0.040950703399216415,0.4050012930979796,0.4832308769547161,0.0004656329017801158,-0.014661955768200334,0.0028537236340918093,0.003088398915953055,-0.0046004339133420245,0.0035379483831343016
9.93,-0.0488210500495495,0.06219869582675084,0.32453132929467204,0.0004262811685284512,-0.01232595582357673,0.006892534665338664,0.0030928584863045977,-0.004735373471300907,0.003586679674631453
9.94,-0.02978824693413268,0.16863194017426586,-0.1259945551484496,3.3234683610048655e-05,-0.011171802643571671,0.007885218536069756,0.00309515606556529,-0.004852862263636647,0.0036605684406384935
9.95,-0.049805831381385744,0.2497650684033426,0.089400403486564,-0.000364735707967535,-0.009079817600683673,0.007702247777760332,0.003093498560443503,-0.004954120364857921,0.003738505772207642
9.96,-0.05080960469643631,0.11997169629853248,0.007939339750742375,-0.0008678128883567239,-0.007231133777174009,0.00818894649394694,0.003087335817461881,-0.005035675121747222,0.0038179617435661907
9.97,-0.014917805438389137,0.11617027167770105,0.005897648728334519,-0.0011964499390308442,-0.006050423937292867,0.008258131436342322,0.0030770145033249432,-0.005102082910319555,0.0039001971332176355
9.98,0.0,0.0,0.0,-0.0012710389662227884,-0.005469572578904374,0.008287619679983994,0.003064677058798675,-0.00515968289290054,0.003982925888799265
