,TimeStamp (s),FrameNumber,QuatW,QuatX,QuatY,QuatZ,LinAccX (g),LinAccY (g),LinAccZ (g),GlbLinAccX (m/s^2),GlbLinAccY (m/s^2),GlbLinAccZ (m/s^2),GlbLinVelX (m/s),GlbLinVelY (m/s),GlbLinVelZ (m/s),GlbPosX (m/s),GlbPosY (m/s),GlbPosZ (m/s)
0,0.0,0,0.96418357,-0.01765309,-0.05204089,-0.25948063,-0.00717936,0.02188691,-0.01520756,-0.18388039150552504,0.15129101976174125,-0.12871066144629326,0.0,0.0,0.0,0.0,0.0,0.0
1,0.01,1,0.96420079,-0.01721293,-0.05181053,-0.25949231,-0.00810555,0.00889003,-0.02075557,-0.13398175542202106,0.03675391784791848,-0.18985948635747202,-0.0015893107346377307,0.0009402246880482987,-0.0015928507390188262,-7.946553673188653e-06,4.701123440241493e-06,-7.964253695094131e-06
2,0.02,2,0.9642179,-0.01681149,-0.05157058,-0.25950274,-0.00463708,-0.01078905,-0.02171664,-0.009380933115198008,-0.11312602972187359,-0.21385072318642123,-0.002306124177323826,0.0005583641286785231,-0.0036114017867382928,-2.7423728232996432e-05,1.2194067523875602e-05,-3.398551632387972e-05
3,0.03,3,0.96423048,-0.01654682,-0.05137945,-0.25951084,-0.00259061,-0.01895701,-0.00966242,0.06066944022012513,-0.1730237193690539,-0.10279448108524858,-0.0020496816417991904,-0.000872384616776114,-0.005194627808096642,-4.920275732861151e-05,1.0623965083387649e-05,-7.801566429805438e-05
4,0.04,4,0.96423024,-0.01644927,-0.05122415,-0.25954872,0.00079046,-0.01075866,-0.00102316,0.05822109866703638,-0.08728978605435164,-0.0168275440170074,-0.0014552289473633829,-0.002173952143893142,-0.005792737933607922,-6.672731027442439e-05,-4.607718719958634e-06,-0.00013295249300657722
5,0.05,5,0.96423167,-0.01639451,-0.05100432,-0.25959027,0.009508,-0.00626078,0.00223207,0.11316269881361944,-0.0063682665046472615,0.009818902828073982,-0.0005983099599601036,-0.0026422424066881367,-0.005827781139552589,-7.699500481104181e-05,-2.8688691472865034e-05,-0.0001910550883723798
6,0.06,6,0.96421301,-0.01640803,-0.05082902,-0.259693,0.01219738,0.00038806,0.00818072,0.10951143595824611,0.0629724751424906,0.06928327131647968,0.0005150607138992235,-0.00235922136349892,-0.005432270268829821,-7.741125104134622e-05,-5.369601032380031e-05,-0.0002473553454142918
7,0.07,7,0.96419048,-0.01650346,-0.05066973,-0.25980175,0.01561611,0.00272561,0.00589111,0.12447602861320231,0.09976834542977611,0.04534798366106207,0.0016849980367564666,-0.0015455172606375859,-0.004859113993942112,-6.641095728806775e-05,-7.321970344448286e-05,-0.00029881226672815147
8,0.08,8,0.96416074,-0.01649325,-0.05051439,-0.25994286,0.01495174,-0.00441114,0.00283395,0.15061980479210754,0.036198318581137895,0.012097428760964956,0.0030604772037830155,-0.0008656839405830162,-0.004571886931831977,-4.268358108537036e-05,-8.527570945058587e-05,-0.0003459672713570219
9,0.09,9,0.96412694,-0.01625227,-0.0504342,-0.26009914,0.00948643,-0.00455116,0.00500327,0.10746725138729667,0.007990935563004127,0.0379595028903445,0.004350912484680036,-0.0006447376698623062,-0.00432160227357543,-5.62663264305512e-06,-9.282781750281249e-05,-0.0003904347173840589
10,0.1,10,0.96410793,-0.01581259,-0.05030351,-0.26022178,0.00947066,-0.01186547,0.00487429,0.14305742636434374,-0.05400025761630615,0.03269623589299931,0.005603535873438239,-0.0008747842801288165,-0.00396832357965871,4.4145609147536305e-05,-0.0001004254272527681,-0.0004318843466502296
11,0.23,11,0.96394283,-0.01319803,-0.04865515,-0.26129064,-0.01589492,0.00125002,0.00131837,-0.1387111708579158,-0.06814072861661756,0.027032996368110483,0.005886042481356056,-0.008813948385268857,-8.592348268657334e-05,0.0007909682022091655,-0.0007301930505036169,-0.0006954104057026731
12,0.24,12,0.96387225,-0.01257557,-0.04819845,-0.26166576,-0.0213771,-0.02072325,-0.00534278,-0.08290370075119285,-0.2813840676622566,-0.044088897069426244,0.004777968123310515,-0.010561572366663224,-0.00017120298619315198,0.0008442882552324982,-0.0008270706542632771,-0.0006966960380470717
13,0.25,13,0.96380395,-0.01194451,-0.04774154,-0.26203054,-0.02354494,-0.02943893,-0.0067459,-0.05915031099221447,-0.3659905661931653,-0.059900939555535514,0.004067698064593478,-0.013798445535940337,-0.0006911521693179611,0.0008885165861720183,-0.000948870743776295,-0.0007010078138246273
14,0.26,14,0.96372712,-0.01145292,-0.04735579,-0.26240495,-0.0224927,-0.00350123,-0.00096638,-0.1728056465313058,-0.14142604359946848,0.0077644592603941815,0.0029079182769758756,-0.01633552858490351,-0.000951834570793668,0.000923394667879865,-0.0010995406143805143,-0.0007092227475251854
15,0.27,15,0.96363866,-0.01083543,-0.04702786,-0.26281452,-0.01950812,0.02587715,0.00186489,-0.29055244948873904,0.12162615394822565,0.046025364331128645,0.0005911277968756491,-0.016434528033159725,-0.0006828854528360536,0.0009408898982491226,-0.0012633908974708306,-0.0007173963476433341
16,0.28,16,0.96353227,-0.00987008,-0.04665582,-0.26330861,-0.01433431,0.03696879,0.00306782,-0.3012297382399188,0.2409082345956151,0.05765929333641846,-0.0023677831417676424,-0.01462185609044052,-0.00016446216449831762,0.0009320066215246627,-0.001418672818088832,-0.000721633085730006
17,0.29,17,0.96340305,-0.00869919,-0.04633349,-0.26387894,-0.01083313,0.02659154,0.00377625,-0.21988810556872884,0.1706017986838063,0.05661203898571892,-0.004973372360810869,-0.012564305924043423,0.00040689449711236655,0.0008953008440117703,-0.0015546036281612512,-0.0007204209240669358
18,0.3,18,0.96325505,-0.00759358,-0.04608104,-0.26449689,-0.00349017,0.00672766,0.00068526,-0.06224120395351573,0.03933809212240155,0.012165245526332514,-0.006384018908422094,-0.011514606470012383,0.000750780919672624,0.0008385138876656054,-0.0016749981901315303,-0.0007146325469830108
19,0.31,19,0.96310222,-0.00668077,-0.0459087,-0.26510727,0.00654503,-0.01017443,0.00376171,0.10917506412423676,-0.05250449450388778,0.02756980188994781,-0.006149349607568488,-0.011580438481919815,0.0009494561567540258,0.0007758470450856525,-0.0017904734148911914,-0.0007061313616008776
20,0.32,20,0.96296459,-0.00599066,-0.04580706,-0.26564068,0.01386658,-0.02534365,0.01398113,0.2557707615863386,-0.14204261177992392,0.11604289403944043,-0.00432462047901561,-0.012553174013338874,0.0016675196364009676,0.000723477194652732,-0.0019111414773674848,-0.0006930464826351027
21,0.33,21,0.96285033,-0.00549015,-0.04579531,-0.26606748,0.01575802,-0.03324864,0.01830475,0.31525777179075193,-0.19814155543449108,0.15417499099209442,-0.0014694778121301542,-0.01425409484941095,0.003018609061558643,0.0006945067031970031,-0.002045177821681234,-0.0006696158391453046
22,0.34,22,0.96277046,-0.00517209,-0.04583736,-0.26635531,0.01997145,-0.01845283,0.01012315,0.2690008322699354,-0.0532972359288838,0.07588410517812688,0.001451815208173285,-0.015511288806227826,0.00416890454240975,0.0006944183901772188,-0.0021940047399594278,-0.0006336782711254626
23,0.35,23,0.96269983,-0.00498833,-0.04597352,-0.26659063,0.01784445,0.01137113,-0.00457919,0.08809862482555922,0.18489083623526403,-0.05593461031739452,0.0032373124936507496,-0.014853320804695928,0.004268652016713411,0.0007178640286863388,-0.002345827788014046,-0.000591490488329847
24,0.51,24,0.96242756,0.00042463,-0.04935166,-0.26701578,-0.03322523,0.0478537,0.01320955,-0.5067194896974995,0.2384355692918924,0.17192082221807656,-0.03025235669610448,0.019012791637476597,0.013547548968767977,-0.00144333950750996,-0.002013070121391592,0.0008338055905086644
25,0.52,25,0.96233141,0.00167958,-0.04915869,-0.26739284,-0.03604869,0.04985989,0.00551075,-0.5479104251179939,0.23875524804352724,0.09881943671011012,-0.03552550627018195,0.0213987457241537,0.01490125026340891,-0.0017722288223413923,-0.0018110124345834405,0.000976049586669549
26,0.53,26,0.96215755,0.00301802,-0.04911762,-0.26801345,-0.03745472,0.06028698,-0.00889142,-0.6259545171888987,0.3141393056176096,-0.03932950800966806,-0.04139483098171642,0.024163218492459386,0.01519869990691112,-0.0021568305086008847,-0.0015832026135003748,0.0011265493375211492
27,0.54,27,0.96190763,0.00451903,-0.04926327,-0.26886135,-0.05449414,0.05293354,-0.01623164,-0.7379802447528517,0.16225370361278957,-0.09721489638671123,-0.048214504791425174,0.026545183538611385,0.014515977884929223,-0.002604877187466593,-0.0013296606033450207,0.001275122726480351
28,0.55,28,0.96157885,0.0060644,-0.04936173,-0.26998648,-0.06441576,0.03073911,-0.03922477,-0.7284881115034739,-0.08487893626514113,-0.31620530723073753,-0.05554684657270681,0.02693205737534963,0.012448876866841978,-0.003123683944287253,-0.0010622743987752153,0.001409947000239207
29,0.56,29,0.9611488,0.00748957,-0.04971214,-0.27141401,-0.05098767,-0.03594475,-0.0829936,-0.31417212366790864,-0.5947112137017889,-0.7643970032394077,-0.060760147748563725,0.023534106625514976,0.0070458653144912465,-0.0037052189158936063,-0.000809943578770892,0.0015074207111458733
30,0.57,30,0.96065032,0.00832337,-0.05049137,-0.27300614,-0.06388688,-0.05055287,-0.05118889,-0.3158936056892931,-0.7717512435119278,-0.4414768315862344,-0.0639104763953497,0.016701794339446463,0.0010164961403630974,-0.004328572036613167,-0.0006087640739460869,0.0015477325184201445
31,0.58,31,0.96019226,0.00899468,-0.05099689,-0.27449811,-0.03578073,-0.08464324,-0.0372526,0.1081654228606774,-0.9060273172729656,-0.3361688715860486,-0.06494911730949278,0.008312901535521989,-0.002871732375498321,-0.00497287000513738,-0.0004836905945712445,0.0015384563372444684
32,0.59,32,0.95982945,0.00894295,-0.0516363,-0.27564669,-0.01484447,-0.0980998,-0.01847717,0.3702003437620443,-0.9008490645720503,-0.17592653708869707,-0.06255728847637917,-0.0007214803737030998,-0.005432209418872052,-0.00561040203406674,-0.00044573348876215,0.0014969366282726164
33,0.6,33,0.95947051,0.00810109,-0.05274881,-0.27670971,0.02768495,-0.09330041,-0.00927924,0.7062252765203189,-0.6348710861960577,-0.13166475930769142,-0.05717516037496735,-0.008400081127543646,-0.006970165900853996,-0.006209064278323474,-0.0004913412962683838,0.001434924751673986
34,0.61,34,0.95919144,0.00686384,-0.05385549,-0.2774964,0.06893267,-0.06955857,0.03953313,0.9701807971927329,-0.20096058587866641,0.3015792528837288,-0.048793130006402084,-0.01257923948791727,-0.006120593432973808,-0.006738905730230321,-0.0005962378993456885,0.001369470955004847
35,0.62,35,0.95895773,0.00585599,-0.055291,-0.27804434,0.08541414,-0.03669552,0.06401446,0.9596539473458532,0.1682925577102383,0.5253107126779515,-0.03914395628370915,-0.012742579628759411,-0.001986143605165403,-0.007178591161680878,-0.000722846994929072,0.001328937269814151
36,0.63,36,0.95877081,0.00526108,-0.05689296,-0.27837744,0.0872494,-0.03585896,0.05617721,0.9638862014303881,0.18209414312997083,0.44387184791284284,-0.029526255539827934,-0.010990646124558363,0.0028597691977885727,-0.007521942220798564,-0.000841513123695661,0.0013333053977772668
37,0.64,37,0.95862305,0.00459707,-0.05894095,-0.27847189,0.06760422,0.00218354,0.05113445,0.5994811121532317,0.3925725528334943,0.4218504698173634,-0.021709418971909825,-0.008117312644741036,0.007188380786439608,-0.007778120593357253,-0.0009370529175421581,0.0013835461476984078
38,0.65,38,0.9584232,0.00406574,-0.06194879,-0.2785154,0.04547876,0.0407715,0.06098711,0.2293839518740099,0.6009661342593897,0.5501799152476731,-0.01756509365177361,-0.003149619209276612,0.012048532711764794,-0.00797449315647567,-0.0009933875768122465,0.0014797307151894299
39,0.66,39,0.95800161,0.00443212,-0.06569117,-0.27910191,-0.00716108,0.1378144,0.14788327,-0.6032474753083533,1.1688678246121493,1.4847598930331312,-0.01943441126894533,0.0056995505850810915,0.022223231753168822,-0.008159490681079264,-0.0009806379199332241,0.001651089537514098
40,0.67,40,0.95706803,0.00741057,-0.06958616,-0.28128931,-0.02613394,0.19402528,0.23165172,-0.9465765616623499,1.5848558631195633,2.332180350431677,-0.027183531453798853,0.019468169023739667,0.04130793297049288,-0.008392580394692985,-0.0008547993218891202,0.001968745361132407
41,0.68,41,0.95554256,0.01381263,-0.07365285,-0.28517163,0.03522104,0.17424101,0.38868111,-0.1427433335602131,1.878423242589225,3.7441856301287655,-0.032630130929911676,0.03678456455228363,0.07168976287329512,-0.008691648706611538,-0.0005735356540090034,0.0025337338403513474
42,0.69,42,0.95341688,0.02253585,-0.07863931,-0.29035199,0.06791709,0.04023589,0.66941011,1.224119440693236,1.2759240209320377,6.369282057597795,-0.027223250394246615,0.052556300869889785,0.12225710131192741,-0.008990915613232326,-0.00012683132689814093,0.00350346816127745
43,0.7,43,0.95111889,0.03038375,-0.08394212,-0.29564071,0.1370523,-0.1876131,1.01480186,3.544515549763685,0.30328323885771097,9.569449309949137,-0.003380075441961991,0.060452337168838535,0.20195075814966212,-0.00914393224241337,0.00043821186329550115,0.005124507458585399
44,0.71,44,0.94910276,0.0335329,-0.08880432,-0.30032188,0.247794,-0.40118772,1.35838413,6.196862330290722,-0.2864682626230123,12.663132968487925,0.04532681395831009,0.06053641205001203,0.31311366954184755,-0.008934198549831629,0.0010431556093897544,0.00769982959704295
45,0.72,45,0.9484365,0.02831434,-0.09262048,-0.30180776,0.36412945,-0.68610764,1.73233354,9.440672474688618,-1.6041036701998683,15.9664881910671,0.12351448798320687,0.05108355238589762,0.4562617753396228,-0.008089992040124044,0.001601255431569303,0.011546706821450306
46,0.73,46,0.94922519,0.01328184,-0.09347814,-0.30009481,0.31209716,-0.54833359,1.8751353,8.64952161076629,-1.1754353506696158,17.327285991127138,0.21396545841048148,0.03718585728155018,0.6227306462505942,-0.0064025923081556,0.0020426024799065426,0.016941668929401396
47,0.74,47,0.95063323,-0.00832931,-0.09016247,-0.29681271,0.33033386,-0.27646261,1.83185124,7.3102366078865275,0.27687582540754707,16.942411478848744,0.29376424950374563,0.03269305965523983,0.7940791336004738,-0.0038639437685844625,0.002391997064590493,0.024025717828656742
48,0.75,48,0.95160925,-0.03080066,-0.08468556,-0.29380175,0.40822893,0.06579155,1.61808956,5.7421161050775495,2.6514501556256604,15.107470828942544,0.3590260130685661,0.04733468956040588,0.9543285451394303,-0.0005999924557229014,0.0027921358106687217,0.03276775622235627
49,0.76,49,0.95210606,-0.04696972,-0.07860798,-0.29173395,0.76576555,0.33615905,1.41732228,6.792961345798851,6.3424617413500055,13.193851319571158,0.4217014003229481,0.09230424904528425,1.095835155881999,0.0033036446112346732,0.0034903305036971728,0.04301857472746343
50,0.77,50,0.95161921,-0.04852618,-0.07900926,-0.29295674,1.01835907,0.31862536,2.13909483,10.180449154343906,7.252110116349233,19.832100091046552,0.506568452823662,0.1602771083337805,1.2609649129350877,0.007944993876967728,0.0047532372905924975,0.05480257507154887
51,0.78,51,0.95100415,-0.04171794,-0.08068286,-0.29553512,0.96744984,0.13506326,2.95697761,12.136091636337062,5.567356295174667,27.465839347113842,0.618151156777067,0.2243744403914001,1.4974546101258899,0.013568591924971379,0.006676495034218402,0.06859467268685376
52,0.79,52,0.95092487,-0.02770069,-0.07821169,-0.29808962,0.84292924,0.01849803,3.01405787,11.47884511816787,4.692103034489385,28.075774888999295,0.7362258405495917,0.27567173703972037,1.7751626813064558,0.020340476911604677,0.009176725921374007,0.0849577591440155
53,0.8,53,0.95124811,-0.00963668,-0.06787214,-0.30071181,0.5572983,-0.20954099,3.00970221,9.581628032488561,2.1146298108357557,28.442100283127036,0.841528206302874,0.3097054012663461,2.0577520571670878,0.028229247145867012,0.012103611612904342,0.10412233283638324
54,0.81,54,0.95308203,0.0065782,-0.04736746,-0.29891086,0.19516931,-0.30639249,3.0060668,5.822986754360191,-0.17374735501716604,29.116862528242056,0.9185512802371177,0.31940981354543907,2.3455468712239336,0.03702964457856698,0.01524918768696327,0.12613882747833838
55,0.82,55,0.95557541,0.01506283,-0.02028601,-0.29366156,0.03342496,-0.29488221,3.00271821,2.7768497693234697,-1.009438566451808,29.442190264109797,0.9615504628555356,0.31349388393809424,2.63834213518569,0.04643015329403015,0.018413706174380904,0.15105827251038623
56,0.83,56,0.95788527,0.01665841,0.00597537,-0.2866053,-0.05476846,-0.07531445,2.65441227,-0.5899837703407046,-0.17026184604878455,26.039666720179934,0.9724847928504494,0.30759538187559127,2.9157514201071386,0.05610032957256009,0.021519152503449334,0.1788287402868504
57,0.84,57,0.95970279,0.01588464,0.02900375,-0.2790646,-0.19560719,0.28419626,2.42251778,-4.6396703581318395,1.6620132321838963,23.48495535252044,0.9463365222080867,0.3150541388062668,3.163374530470641,0.06569443614785278,0.02463240010685863,0.20922437003973932
58,0.85,58,0.96097445,0.0139003,0.04751148,-0.27217185,-0.34966886,0.65491539,2.23522091,-8.424184296473886,3.6889317164653685,21.187731742706468,0.8810172489350581,0.3418088635495132,3.3867379659467756,0.07483120500356852,0.027916715118637532,0.24197493252182642
59,0.86,59,0.9616518,0.01117188,0.06098979,-0.26717275,-0.61123931,0.80200481,2.07446241,-11.63238122339922,3.426005367264943,19.094443604755362,0.7807344213356925,0.3773835489681648,3.588148842684085,0.08313996335492228,0.031512677181225926,0.27684936656498077
60,0.87,60,0.96142757,0.00472856,0.0709523,-0.26570749,-0.69856083,0.74840176,1.81410658,-12.03097364406302,2.2889829469373093,16.34951915265511,0.6624176469983811,0.40595849053917604,3.7653686564711375,0.09035572369659266,0.03542938737876263,0.3136169540607569
61,0.88,61,0.96116859,-0.00982069,0.06867243,-0.26710036,-0.79784423,0.20904285,0.85601211,-8.753491262993036,-2.7161515059084294,7.2033832938104085,0.5584953224631007,0.4038226477443204,3.8831331687034654,0.09646028854390007,0.039478293070180116,0.35185946318663
62,0.89,62,0.96050286,-0.02553057,0.05338932,-0.27190438,-0.99160719,-0.38150173,0.08236498,-6.338286209225128,-8.299051345884102,-0.4051493186094779,0.4830364351020099,0.3487466334853577,3.91712433857947,0.10166794733172563,0.04324113947632851,0.3908607507230447
63,0.9,63,0.95921028,-0.03388607,0.03413862,-0.2785711,-0.26202989,-0.04749854,-0.95657694,-1.4775522563459724,-0.9714988076702864,-9.575630953719369,0.4439572427741544,0.3023938827175857,3.8672204372178256,0.10630291572110645,0.04649684205734323,0.42978247460203123
64,0.91,64,0.95764661,-0.03868691,0.01403345,-0.28499004,-0.06089756,-0.04654127,-1.04680967,-0.2007762856109108,0.13653217470807952,-10.290311904970835,0.43556560006436995,0.2982190495527747,3.7678907229243745,0.11070052993529908,0.04949990671869504,0.46795803040274225
65,0.92,65,0.95565039,-0.04322262,-0.00632095,-0.291246,-0.01908308,-0.07174015,-1.0436641,-0.14546663526857462,0.12200672099207477,-10.258950534061505,0.43383438545997255,0.29951174403127545,3.6651444107292126,0.1150475298629208,0.05248856068661529,0.5051232060710102
66,0.93,66,0.95321751,-0.04763043,-0.0266757,-0.29731482,0.01310126,-0.0928828,-1.04327452,-0.19051309534672342,0.09418380516214085,-10.270099983926867,0.43215448680689605,0.3005926966620465,3.5624991581392704,0.11937747422425515,0.0554890828900819,0.5412614239153527
67,0.94,67,0.95036638,-0.05172385,-0.04666359,-0.30323404,0.0375199,-0.11937658,-1.07958794,-0.30336423706140714,0.005957816069049489,-10.653702298042251,0.42968510014485545,0.30109340476820246,3.457880146729426,0.12368667215901387,0.058497513397233115,0.5763633204396958
68,0.95,68,0.94714022,-0.05493261,-0.06630653,-0.30904895,0.06648588,-0.14228141,-1.09356618,-0.38271825045135954,-0.057481549048205044,-10.827331870785004,0.42625468770729164,0.3008357861033067,3.350474975885289,0.1279663710982746,0.061507159351590665,0.6104050960527695
69,0.96,69,0.94359219,-0.05676643,-0.08532199,-0.31485164,0.08998494,-0.15414572,-1.10658765,-0.5570695901305067,-0.08981498613192936,-10.97768426715984,0.4215557485043823,0.30009930342740604,3.241449895195565,0.132205423279333,0.06451183479924423,0.6433647204081738
70,0.97,70,0.93979877,-0.05672679,-0.10306115,-0.32084057,0.11345096,-0.16310976,-1.10145748,-0.6798021938101751,-0.13863515090767006,-10.953984720178502,0.4153713895846789,0.298957052742208,3.1317915502588733,0.1363900589697783,0.0675071165800923,0.675230927635446
71,0.98,71,0.93588579,-0.05457151,-0.11900208,-0.32707533,0.14405449,-0.16848415,-1.09221816,-0.7076807343411131,-0.14541964882843267,-10.905469886889883,0.4084339749439225,0.2975367787435275,3.0224942772235313,0.1405090857924213,0.07048958573752098,0.706002356772858
72,0.99,72,0.93181115,-0.05092624,-0.13385287,-0.33349341,0.18171525,-0.17921673,-1.07356334,-0.5937216113214433,-0.16637186926726072,-10.803901962155733,0.40192696321560967,0.29597782115304905,2.913947417978303,0.14456089048321896,0.07345715873700387,0.7356845652488673
73,1.0,73,0.92755514,-0.0460398,-0.14794262,-0.34005105,0.2152998,-0.18645425,-1.05901849,-0.5162502616808937,-0.1951165108960023,-10.740283477902716,0.396377103850598,0.2941703792522327,2.806226490778011,0.14855241081855,0.07640789973903028,0.7642854347926489
74,1.01,74,0.9230755,-0.04004287,-0.16157393,-0.34673053,0.24597988,-0.18658295,-1.03833997,-0.4662693283943028,-0.1967664403798879,-10.611166767337544,0.391464505900222,0.29221096449585326,2.699469239551809,0.1524916188673041,0.07933980645777071,0.791813913444298
75,1.19,75,0.8057518,0.14478981,-0.32823136,-0.47123677,0.64867461,-0.09220231,-0.75392956,0.0361345378684599,-0.2508628200509986,-9.792035935691349,0.35275237475289617,0.2519243310570735,0.8631809962792094,0.2194711381260847,0.1283119830575341,1.1124524346690894
76,1.2,76,0.79737037,0.15622249,-0.33408228,-0.47768614,0.66448545,-0.08631165,-0.73914492,0.04107344908737473,-0.2543394774509912,-9.780311343604568,0.3531384146876753,0.24939831956956357,0.7653192598827298,0.22300059207328757,0.1308185963106673,1.120594935949899
77,1.21,77,0.78878236,0.16767995,-0.33970597,-0.48405126,0.68119222,-0.07990381,-0.72360516,0.044675870770608035,-0.24302605955813433,-9.774120782257857,0.35356716128696525,0.24691149188451794,0.6675470992534175,0.22653411995316078,0.13330014536793772,1.1277592677455797
78,1.22,78,0.78000194,0.1791427,-0.34508681,-0.49032637,0.69718456,-0.07520795,-0.70600158,0.06560287724944926,-0.22901463503541467,-9.755377432715363,0.3541185550270655,0.2445512884115502,0.5698996081785513,0.23007254853473094,0.13575745926941807,1.1339465012827394
79,1.23,79,0.77103513,0.19059074,-0.35023162,-0.49650577,0.71183801,-0.06975615,-0.68883646,0.07165401851067706,-0.2189787989694832,-9.735407134434496,0.35480483950586617,0.24231132124152568,0.47244568534280196,0.2336171655073956,0.13819177231768345,1.1391582277503463
80,1.24,80,0.76187843,0.20199585,-0.35514179,-0.50260639,0.72798437,-0.06427047,-0.67149299,0.07808701170470073,-0.19489482990382417,-9.730530956083305,0.35555354465694305,0.24024195309715915,0.37511599489021286,0.23716895742820968,0.1406045386893769,1.1433960361515114
81,1.25,81,0.75255471,0.21333146,-0.35981622,-0.50860918,0.74265796,-0.05990373,-0.65532458,0.08329380928872102,-0.18859099586897884,-9.728559932439847,0.35636044876191014,0.23832452396829512,0.277820540447597,0.24072852739530395,0.14299737107470417,1.1466607188282005
82,1.26,82,0.74306059,0.22459157,-0.36427101,-0.51451558,0.75697756,-0.055435,-0.6389609,0.0836442038751351,-0.17966723515438573,-9.72763733630217,0.3571951388277294,0.2364832328131783,0.18053955410388683,0.24429630533325217,0.14537140985861155,1.148952519300958
83,1.27,83,0.73340833,0.23575759,-0.36849076,-0.52033168,0.77128518,-0.05240638,-0.61945027,0.10245475433360823,-0.1500607801644359,-9.713052089137975,0.35812563361877314,0.2348345927365842,0.08333610697668603,0.2478729091954847,0.14772799898636035,1.1502718976063608
84,1.28,84,0.72361219,0.2468242,-0.37247178,-0.52604944,0.78528327,-0.04886729,-0.60483885,0.09794112143858116,-0.1518958478260506,-9.730590134256886,0.35912761299763407,0.23332480959663177,-0.013882104140288357,0.2514591754285667,0.15006879599802644,1.1506191676205428
85,1.29,85,0.71365875,0.25781164,-0.37624821,-0.53165936,0.79667127,-0.04666768,-0.59035242,0.09812743646080083,-0.17168530783420963,-9.732686016111451,0.360107955787131,0.23170690381833045,-0.11119848489213013,0.25505535327249057,0.15239395456510127,1.1499937646753808
86,1.6,86,0.33750162,0.52778685,-0.3592841,-0.6916998,0.96328354,-0.14326926,-0.15636854,-0.09507296268745419,0.24168746262523044,-9.669331858076843,0.3605813992219997,0.2425572378109387,-3.118511255391317,0.36676220329890585,0.225904896517638,0.6493887549314465
87,1.61,87,0.32437325,0.53097767,-0.35219947,-0.69914252,0.96077949,-0.15007055,-0.16024286,-0.10082634309205912,0.2311554061964875,-9.661590516792128,0.35960190269310216,0.24492145215504726,-3.215165867265662,0.37036311980848136,0.22834228996746794,0.6177203693181617
88,1.62,88,0.31128523,0.53348857,-0.34465075,-0.70689976,0.96013904,-0.15693298,-0.15511781,-0.16718364192868387,0.3099870671941788,-9.654778026057361,0.35826185276799843,0.2476271645220006,-3.311747709979909,0.37395243858578686,0.23080503305085318,0.5850858014319338
89,1.63,89,0.29829255,0.53514087,-0.33653954,-0.71511322,0.9599694,-0.16271091,-0.15006074,-0.26050777862914815,0.39752733693785813,-9.649391748044584,0.35612339566520934,0.2511647365426607,-3.4082685588504167,0.3775243648279528,0.23329899255617642,0.5514857200877828
90,1.64,90,0.28535905,0.53580201,-0.32762101,-0.72398263,0.95519567,-0.16831598,-0.15265407,-0.3203074727014067,0.44131626363820914,-9.613219639558723,0.35321931940855655,0.25535895454554103,-3.5045816157884335,0.38107107840332166,0.23583161101161743,0.5169214692145886
91,1.65,91,0.27245754,0.53546721,-0.31792623,-0.73346066,0.95026082,-0.17316675,-0.16577609,-0.33917654234214867,0.42186180395718204,-9.595580544135078,0.3499218993333388,0.259674844883518,-3.6006256167069024,0.38458678449703115,0.23840678000876273,0.48139543305211185
92,1.66,92,0.259588,0.53411853,-0.30748871,-0.7434932,0.94517672,-0.17910066,-0.1743765,-0.3911746641440286,0.464725188043562,-9.568428339584296,0.3462701433009079,0.26410777984352174,-3.6964456611254994,0.3880677447102024,0.24102569313239794,0.4449100766629498
93,1.67,93,0.24675658,0.53166562,-0.29633063,-0.75407624,0.93790364,-0.18243858,-0.18837187,-0.4372010220886682,0.4714658203327083,-9.528774571926904,0.3421282648697444,0.2687887348854031,-3.7919316756830557,0.39150973675105566,0.24369017570604257,0.407468189978907
94,1.68,94,0.23402153,0.5280208,-0.28453514,-0.76515871,0.93187416,-0.18544629,-0.20013461,-0.5195536314412174,0.512108338879392,-9.49423549270139,0.33734449160209495,0.2737066056814636,-3.887046726006197,0.3949071005334149,0.2464026524088769,0.3690732979704607
95,1.69,95,0.22145107,0.52272463,-0.27190244,-0.77703756,0.92398632,-0.1891101,-0.2080228,-0.643737870188887,0.6068019045114726,-9.429944181272985,0.33152803409394443,0.27930115689841795,-3.981667624376069,0.3982514631618951,0.24916769122177632,0.3297297262185493
96,1.7,96,0.20906743,0.51581478,-0.25853631,-0.78954732,0.91414046,-0.18988916,-0.21958277,-0.7779997232796747,0.6754585788971468,-9.34923758932874,0.3244193461266016,0.2857124593154611,-4.075563533229078,0.4015312000629978,0.2519927593028457,0.28944357043052354
97,2.12,97,0.5034849,-0.23912114,-0.26647425,-0.7863304,0.52553296,0.22178161,-0.59945375,-7.184530723499094,2.9261013716371242,-2.38115992862916,-1.3477120476969404,1.0420400489276582,-6.5389470120002375,0.1866397327332266,0.5308207860339009,-1.9396036440676334
98,2.13,98,0.5425424,-0.22544596,-0.29869244,-0.75206697,0.37592071,0.07477502,-0.71098715,-6.265308178557655,1.9072785072154295,-4.455419933719473,-1.4149612422072226,1.0662069483219205,-6.57312991131198,0.17282636628370607,0.5413620210201486,-2.005164028684193
99,2.14,99,0.57923251,-0.19906774,-0.33304581,-0.71689767,0.0555529,-0.21040511,-0.45926347,-1.719188058494747,-0.36627202228650907,-4.663589366266857,-1.4548837233924856,1.0739119807465654,-6.618724957811913,0.15847714145570718,0.5520626156654913,-2.0711233030298137
100,2.15,100,0.61294264,-0.16808434,-0.37332612,-0.67577845,-0.16061378,-0.31974903,-0.08319982,1.947951698682997,-1.840596289001602,-2.407632150160847,-1.4537399051915445,1.0628776391901251,-6.654081065394051,0.14393402331278735,0.5627465637651745,-2.137487333145842
101,2.16,101,0.64665419,-0.13690646,-0.40808687,-0.62973017,-0.19447634,-0.27849197,0.30087054,4.225771798999036,-1.2349348605747898,0.6476527113542696,-1.4228712877031335,1.0474999834422427,-6.662880962588084,0.12955096734831362,0.5732984518783366,-2.2040721432857544
102,2.17,102,0.68487489,-0.10437063,-0.42096019,-0.58553022,-0.09434602,-0.28927118,0.19341952,3.3885648836504565,-0.989280295868337,-0.20037280501177687,-1.384799604289887,1.0363789076600274,-6.660644563056372,0.11551261288834881,0.5837178463338477,-2.2706897709139753
103,2.18,103,0.72342592,-0.06694627,-0.41756204,-0.54572433,-0.2485379,-0.05688789,-0.17394859,-0.8815803128433681,-2.8935310988995213,-0.10957412289145614,-1.3722646814358512,1.0169648506861877,-6.662194297695888,0.1017272914597198,0.5939845651255791,-2.337303965217738
104,2.19,104,0.75244915,-0.02989748,-0.41037461,-0.51431423,-1.1354779,0.82727754,-0.16646321,-8.6322887461543,-5.70112671666325,9.244292912675881,-1.4198340267308385,0.9739915616083747,-6.616520703746967,0.08776679791888665,0.6039393471870517,-2.4036975402249507
105,2.2,105,0.76352453,-0.00666892,-0.40995684,-0.49892002,-1.81593776,1.07377315,-0.0209755,-11.05187814517075,-8.460262373331169,15.308166368164565,-1.518254861187466,0.903184616158401,-6.493758407342762,0.0730763534792948,0.6133252280758857,-2.469248935780401
106,2.21,106,0.76949453,0.00529161,-0.40982607,-0.4897885,-1.30142546,0.19861346,0.06383345,-3.437175621144485,-8.2953086671226,9.297514881859419,-1.5907001300190406,0.819406760956134,-6.370730001092644,0.05753157852326259,0.6219381849614583,-2.5335713778225766
107,2.22,107,0.77257353,0.00796049,-0.40860763,-0.48590824,-0.29647255,-0.22311381,0.16928089,2.12859842801261,-2.638859858290066,2.1217174279844726,-1.5972430159847002,0.7647359183290694,-6.3136338395434235,0.04159186279324352,0.6298588983578844,-2.5969931970257583
108,2.23,108,0.77381253,0.00562585,-0.40639353,-0.48582587,0.27151838,-0.28406444,0.1214138,3.375847660780019,0.9998272629117796,-1.9676911309285547,-1.5697207855407376,0.7565407553521781,-6.312863708058144,0.025757043785616666,0.6374652817262905,-2.6601256847637647
109,2.24,109,0.77266043,0.00103163,-0.40664116,-0.48748103,0.28002635,0.01769853,-0.02797109,0.2297891166783576,2.0482738759427503,-1.8434517702049402,-1.5516926016534454,0.7717812610464512,-6.331919422563812,0.01014997684964539,0.6451068918082838,-2.723349600416876
110,2.53,110,0.73232037,-0.00530833,-0.41760221,-0.53785408,0.00369325,0.00996193,-0.00258309,-0.0895332393525238,0.05867461808323521,0.006204526464941341,-1.5313554994411995,1.0772887926802186,-6.598320272906111,-0.43689199780907745,0.9132220495986506,-4.598234356260012
111,2.54,111,0.73170757,-0.00510945,-0.41765058,-0.53865188,0.00547647,0.00959569,-0.00189188,-0.08141285451031803,0.07384531598542766,-0.001565377158633168,-1.5322102299105138,1.077951392350562,-6.59829707715958,-0.45220982645583635,0.9239982505238048,-4.664217443010342
112,2.55,112,0.73081106,-0.00475937,-0.41765302,-0.53986889,0.0076713,0.0075156,-0.00105891,-0.05912546996145945,0.08578792464759648,-0.018549157096174492,-1.5329129215328727,1.078749558553727,-6.598397649830853,-0.46753544221305293,0.934781755278326,-4.730200916645293
113,2.56,113,0.72960353,-0.00436177,-0.41769141,-0.54147345,0.00748853,0.0077896,-0.00120723,-0.06260068677902722,0.0846051952810678,-0.017080322495441235,-1.5335215523165753,1.0796015241533703,-6.598575797228811,-0.48286761458230054,0.9455735106918617,-4.796185783880593
114,2.57,114,0.72906202,-0.00410399,-0.41778117,-0.54213524,0.0027865,0.0075528,-0.00228475,-0.0703211028296326,0.0422062763590971,0.002886529053923659,-1.5341861612646186,1.0802355815115712,-6.598646766196019,-0.49820615315020617,0.9563726962201862,-4.862171896697715
115,2.58,115,0.72840196,-0.00382517,-0.41791916,-0.54291761,0.00169179,0.00868584,-0.00350116,-0.08712943559172032,0.03274753246829286,0.006756039688607074,-1.5349734139567255,1.080610350555708,-6.598598553352306,-0.5135519510263132,0.9671769258805228,-4.928158123295458
116,2.59,116,0.72695845,-0.00332114,-0.41815791,-0.54466897,0.00300577,0.0072084,-0.00283399,-0.07110167918806076,0.03964512482377989,-0.003344437090990431,-1.5357645695306243,1.0809723138421685,-6.598581495339318,-0.5289056409437497,0.977984839202512,-4.994144023538915
117,2.6,117,0.72626132,-0.00299553,-0.41822213,-0.54555082,0.00257759,0.00576571,-0.002268,-0.05685927155719982,0.03292575014993804,-0.0036859127360072412,-1.5364043742843507,1.0813351682170371,-6.598616647088453,-0.544266485662825,0.9887963766128083,-5.0601300142510555
118,2.61,118,0.72582662,-0.00279605,-0.41821185,-0.54613811,0.00545324,0.00510803,-0.0007183,-0.04102460617012493,0.05954335048305922,-0.01379726965051955,-1.5368937936729874,1.081797513720202,-6.598704063000386,-0.5596329765026113,0.9996120400224943,-5.1261166178014985
119,2.62,119,0.72485232,-0.00237466,-0.41819516,-0.54744524,0.00599676,0.00438486,-0.00063612,-0.034850271905702376,0.06118001272158978,-0.019719110907053177,-1.5372731680633664,1.0824011305362253,-6.5988716449031735,-0.5750038113112935,1.0104330332437768,-5.192104496341018
120,2.63,120,0.72431189,-0.00211174,-0.41822666,-0.54813719,0.00409865,0.0045855,-0.0008468,-0.03869774210228809,0.04615090941174975,-0.008902587550821456,-1.5376409081334064,1.082937785146892,-6.599014753395463,-0.5903783816922771,1.0212597278221922,-5.258093928332509
121,2.64,121,0.72357869,-0.0017727,-0.41830057,-0.5490495,0.00273129,0.0051177,-0.00136863,-0.04669089361602966,0.03511986572972124,-0.0017049775390683658,-1.5380678513119979,1.0833441390225993,-6.599067791220913,-0.6057569254895044,1.03209113744304,-5.324084341055593
122,2.65,122,0.72292411,-0.00142382,-0.41837725,-0.54985386,0.00098008,0.00438529,-0.00144956,-0.04232438000618495,0.018142012093333132,0.004837113380904481,-1.5385129276801088,1.0836104484117146,-6.599052130541703,-0.6211398293844647,1.0429259103802113,-5.390074940664404
123,2.66,123,0.72214288,-0.00104944,-0.41847822,-0.5508036,0.00165622,0.00426659,-0.00242896,-0.046974720762433725,0.018443239002873694,-0.005922879143270951,-1.5389594231839518,1.0837933746671957,-6.599057559370515,-0.6365271911387853,1.0537629294956061,-5.456065489113967
124,2.67,124,0.72154146,-0.00074092,-0.41851529,-0.5515635,0.00223058,0.00345141,-0.00153627,-0.0351284425353956,0.023738137568422607,-0.007318863071638615,-1.539369939000441,1.0840042815500521,-6.59912376808159,-0.651918837949707,1.064601917776692,-5.522056395751226
125,2.68,125,0.72092545,-0.00042547,-0.41853127,-0.55235666,0.00257409,0.00357572,-0.00052755,-0.030042647590070096,0.031393045252867784,-0.002347969668057539,-1.5396957944510683,1.0842799374641585,-6.599172102245288,-0.6673141666169649,1.0754433388717635,-5.588047875102862
126,2.69,126,0.72000206,5.085e-05,-0.4185355,-0.55355674,0.00273617,0.0034465,0.00068654,-0.021898181934136354,0.037593126372823873,0.00385921412397172,-1.5399554985986894,1.084624868322287,-6.599164546023008,-0.6827124230822134,1.0862878629006956,-5.654039558344202
127,2.7,127,0.71921068,0.00050792,-0.41856933,-0.55455881,0.00183754,0.00269599,-0.0007107,-0.024671160746074998,0.021303099802472088,-0.003132496357852837,-1.5401883453120904,1.0849193494531635,-6.5991609124341775,-0.6981131423017676,1.0971355839895731,-5.72003118563649
128,2.71,128,0.71865088,0.00085204,-0.41858342,-0.555273,0.00244755,0.00176968,-0.0009789,-0.01883928465407986,0.021317480292453502,-0.012652795754479673,-1.540405897539091,1.085132452353638,-6.599239838894739,-0.7135161135160232,1.107985842998607,-5.786023189393133
129,2.72,129,0.71783376,0.00127809,-0.41868427,-0.55625236,0.0012949,0.00272904,-0.00226294,-0.03432072913963611,0.009951005369652523,-0.009645911538967522,-1.5406716976080597,1.0852887947819487,-6.5993513324312065,-0.7289215014917593,1.118837949234285,-5.852016145249765
130,2.73,130,0.71710807,0.0016827,-0.41873139,-0.55715096,0.00155331,0.00211635,-0.00144501,-0.024663119375832557,0.013373702158180787,-0.00874424850981244,-1.540966616850637,1.0854054183195878,-6.599443283231451,-0.7443296930640524,1.1296914202997925,-5.918010118328077
131,2.74,131,0.71637696,0.00211873,-0.41872728,-0.5580923,0.00134774,0.00149274,2.739e-05,-0.011221827427617377,0.016190840211413884,-0.0009886600115016175,-1.5411460415846543,1.0855532410314357,-6.599491947774057,-0.7597402563562292,1.1405462135965478,-5.984004794483106
132,2.75,132,0.71605653,0.0022916,-0.41872874,-0.5585016,0.00204076,0.00183653,-0.00106415,-0.020161040570182105,0.017827869605449242,-0.010463880802228372,-1.5413029559246434,1.08572333458052,-6.599549210478125,-0.7751525013437753,1.1514025964746073,-6.050000000274365
133,2.76,133,0.71557158,0.0025227,-0.41872293,-0.55912614,0.00187758,0.00256862,0.00028484,-0.01809989598057737,0.02545244744415536,0.0024317104095933815,-1.5414942606073971,1.0859397361657679,-6.599589371330088,-0.7905664874264352,1.1622609118283385,-6.115995693183405
134,2.77,134,0.71502239,0.00279017,-0.41869068,-0.55985117,0.0021791,0.00199056,0.00070722,-0.011061776937930081,0.027621499252428603,0.0007155781402463006,-1.5416400689719896,1.0862051058992508,-6.5995736348873395,-0.8059821590743325,1.1731216360386638,-6.181991508214494
135,2.78,135,0.71469569,0.00296011,-0.41869897,-0.56026113,0.00146966,0.00228816,0.00023721,-0.01632987772711762,0.020959255138478475,0.0032698038814874875,-1.5417770272453148,1.0864480096712053,-6.599553707977231,-0.8213992445554187,1.1839849016165158,-6.247987144928815
136,2.79,136,0.71435714,0.00315881,-0.41871122,-0.56068254,0.00113773,0.00152072,-0.00038573,-0.01400501510250586,0.01265146866472343,-0.002235468171838635,-1.541928701709463,1.0866160632902213,-6.599548536298682,-0.8368177732001929,1.1948502219813233,-6.313982656150196
137,2.8,137,0.71396101,0.00335868,-0.41877457,-0.56113839,0.00012065,0.00216164,-0.00107308,-0.023275105514306324,0.0037966658823523616,0.0023171416175693156,-1.542115102312547,1.0866983039629567,-6.599548127931453,-0.8522379922203026,1.205716793817589,-6.379978139471345
138,2.81,138,0.71365494,0.00352287,-0.41879016,-0.56151503,0.000948,0.00143771,-0.00091635,-0.01650417617025677,0.008359779300133647,-0.00486767023433852,-1.5423139987209697,1.0867590861888692,-6.599560880574537,-0.8676601377254706,1.2165840807683483,-6.445973684513876
139,2.82,139,0.71332926,0.00369972,-0.41879696,-0.56192249,0.00107765,0.00170399,-0.00043935,-0.01581731773267623,0.012545916661943997,-0.00137848802176599,-1.5424756061904845,1.0868636146686796,-6.599592111365817,-0.8830840857500275,1.2274521942726357,-6.511969449473576
140,2.83,140,0.71303225,0.00385684,-0.41879866,-0.56229693,0.00201344,0.00135802,-0.00083105,-0.01522115143167209,0.0167817933038981,-0.010969763410297853,-1.5426307985363064,1.0870102532185089,-6.5996538526229775,-0.8985096177736618,1.238321563612072,-6.577965679293522
141,2.84,141,0.71275443,0.00401922,-0.4187924,-0.56265253,0.00119974,0.00120194,-7.801e-05,-0.009757815601749823,0.013355748006546075,-0.0020864086031129555,-1.5427556933714734,1.087160940925061,-6.5997191334830445,-0.9139365502332003,1.2491924195827895,-6.643962544224051
142,2.85,142,0.71234906,0.00426614,-0.4188022,-0.56315655,0.00123988,0.00085098,-0.00061592,-0.0101189714135698,0.009877904387891746,-0.007348655326398527,-1.5428550773065501,1.0872771091870332,-6.599766308802692,-0.9293646040865908,1.2600646098333501,-6.709959971435481
143,2.86,143,0.71203721,0.00447069,-0.4188084,-0.56354457,0.00143212,8.222e-05,-0.00083058,-0.005269878891319547,0.007615831293991026,-0.013359054360607438,-1.5429320215580746,1.0873645778654426,-6.599869847351127,-0.9447935395809136,1.2709378182686122,-6.775958152216249
144,2.87,144,0.71178359,0.00462475,-0.41881618,-0.56385791,0.0012148,0.00093769,-0.00116721,-0.014023021718007974,0.007382805155386427,-0.010312661528741031,-1.5430284860611212,1.0874395710476894,-6.599988205930574,-0.96022334211901,1.281811839013178,-6.841957442482658
145,3.11,145,0.70769358,0.00717121,-0.41885096,-0.56893075,0.00099345,-5.939e-05,-0.00043239,-0.0019895288258175927,0.005517363660623257,-0.008878877889943354,-1.5449499921263803,1.0889875913056106,-6.602291190660816,-1.3307807595015098,1.542983098495574,-8.426230970073624
146,3.12,146,0.70762593,0.00723065,-0.41884688,-0.56901717,0.00035526,8.4e-07,-6.485e-05,-0.0003729497778526726,0.002477755729220263,-0.0025027547823112464,-1.5449618045193987,1.0890275669025598,-6.602348098824177,-1.346230318484739,1.553873174286615,-8.49225416652105
147,3.13,147,0.7075429,0.00729186,-0.4188529,-0.56911534,-0.00018252,0.00040698,0.00018713,-0.002168540036655459,0.0008685727961486305,0.004128367836462281,-1.5449745119684712,1.0890442985451867,-6.602339970758907,-1.361680000067178,1.5647635336138535,-8.558277606868964
148,3.14,148,0.70747471,0.00733602,-0.4188551,-0.56919777,0.00025043,0.00052754,-0.00043817,-0.006706313948254842,0.0016899612649471478,-0.001851710040065355,-1.5450188862383958,1.0890570912154922,-6.602328587469925,-1.3771299670582127,1.5756540405626571,-8.62430094966011
149,3.15,149,0.7073949,0.00739255,-0.41885573,-0.56929582,-0.00037241,0.00051702,-0.00064971,-0.007840576512833375,-0.004240959269046044,0.00042478263728163703,-1.5450916206907013,1.0890443362254718,-6.602335722106939,-1.3925805195928578,1.5865445476998616,-8.690324271207993
150,3.16,150,0.70729965,0.0074483,-0.41885704,-0.56941253,-3.785e-05,0.00016797,-0.00043662,-0.0038380428401375757,-0.0018053313774869942,-0.0017874468577113551,-1.545150013787466,1.089014104772239,-6.602342535428041,-1.408031727765249,1.5974348399048504,-8.75634766249567
151,3.17,151,0.70712811,0.00756711,-0.41884544,-0.56963235,0.00082287,0.00012372,-0.00024331,-0.0023765257647335343,0.005711429500163536,-0.005832273296043534,-1.5451810866304905,1.0890336352628525,-6.602380634028809,-1.4234833832673384,1.6083250786050256,-8.822371278342953
152,3.18,152,0.70686775,0.00774716,-0.4188396,-0.56995732,0.00011583,0.00035013,0.00046249,-0.00014407242903413715,0.004325373440892946,0.0038627512939850973,-1.5451936896214593,1.0890838192775578,-6.602390481638819,-1.4389352571485985,1.619215665877728,-8.888395133921293
153,3.19,153,0.70660067,0.00793925,-0.41883728,-0.57028753,0.0001055,0.00012727,6.597e-05,-0.0006384578448221419,0.0015793572173638372,0.00038036189302670436,-1.5451976022728287,1.089113342930849,-6.602369266072884,-1.4543872136080696,1.6301066516887697,-8.95441893265985
154,3.2,154,0.70631504,0.00813311,-0.41885105,-0.57062835,-8.446e-05,0.00035784,-0.00061801,-0.006380589269717795,-0.0024052843537173555,-0.0017984023728981609,-1.5452326975084014,1.0891092132951672,-6.6023763562752835,-1.469839365106976,1.6409977644699,-9.020442660771593
155,3.21,155,0.7060768,0.00829105,-0.41885984,-0.57091433,7.026e-05,0.00069543,-0.00065152,-0.009266266898582926,-0.00020670628113911134,-0.0013786733726568131,-1.5453109317892428,1.089096153341993,-6.6023922416540115,-1.485292083253464,1.6518887913030857,-9.086466503761239
156,3.22,156,0.70589501,0.00841764,-0.41886306,-0.57113492,7.705e-05,0.00019231,-0.00109173,-0.007764578298402561,-0.003990442879741313,-0.006522140814183685,-1.5453960860152278,1.0890751675961885,-6.602431745724946,-1.5007456183424868,1.662779647907777,-9.152490623698135
157,3.23,157,0.70567679,0.00858517,-0.41884705,-0.57141376,-2.085e-05,-0.00021164,0.00040585,0.004003237552321952,0.0010700897852066258,0.0017375408313218027,-1.5454148927189582,1.0890605658307158,-6.60245566872486,-1.5161996732361573,1.6736703265749113,-9.218515060770383
158,3.24,158,0.70548683,0.0087043,-0.41885331,-0.57164192,0.00060284,0.00051628,-0.0007426,-0.008378105062614858,0.002901765008381652,-0.005916446207162748,-1.5454367670565097,1.0890804251046837,-6.60247656325174,-1.531653931535035,1.6845610315295885,-9.284539721930267
159,3.25,159,0.70531577,0.00881665,-0.41884047,-0.57186061,0.00129345,0.00046197,0.00016226,-0.0028261493676896275,0.01248726850619324,-0.004475669232214644,-1.545492788328661,1.0891573702722566,-6.602528523828936,-1.5471085793119606,1.695452220506473,-9.350564747365668
160,3.26,160,0.70514476,0.00892711,-0.4188464,-0.57206541,0.00041933,0.00095672,-0.00012855,-0.008393441261923356,0.005906801764105142,0.0010887824802877873,-1.5455488862818092,1.0892493406236081,-6.6025454582626955,-1.5625637876850125,1.7063442540609521,-9.416590117276126
161,3.27,161,0.70496333,0.00906746,-0.41883957,-0.57229173,8.942e-05,-0.00032303,-0.00019984,0.001438031501981051,-0.0013559199517891368,-0.00327695031638706,-1.5455836633306088,1.0892720950326698,-6.602556399101876,-1.578019450433075,1.7172368612392337,-9.48261562656295
162,3.28,162,0.70476961,0.00920741,-0.41884136,-0.57252681,-0.00022003,0.00071773,-0.00028151,-0.007321217267501547,-0.0006614406063986431,0.002789328198456369,-1.5456130792594365,1.0892620082298787,-6.602558837212466,-1.5934754341460249,1.7281295317555463,-9.54864120274452
163,3.29,163,0.70459914,0.00930637,-0.41884458,-0.57273269,0.00037621,0.00117941,-0.0006928,-0.013388206506543238,0.0035764006992902533,-0.0012286307974246821,-1.5457166263783066,1.0892765830303432,-6.602551033725461,-1.608932082674214,1.7390222247118476,-9.614666752099211
164,3.3,164,0.70440996,0.00942208,-0.41883442,-0.57297087,0.0006215,0.00049595,2.256e-05,-0.003881517008018525,0.006650187522567744,-0.0012487822901349405,-1.5458029749958795,1.0893277159714525,-6.602563420790898,-1.6243896806810845,1.7499152462068563,-9.680692324371792
165,3.31,165,0.70426905,0.00954345,-0.41882971,-0.57314545,-0.00050476,-0.00074787,-5.116e-05,0.005727688717514363,-0.006718491495775762,-0.0007737732490424294,-1.545793744137332,1.0893273744515866,-6.602573533568594,-1.639847664276751,1.7608085216589717,-9.74671800914359
166,3.32,166,0.70416373,0.0096113,-0.41879916,-0.57329595,0.00230554,-0.00039282,0.00011083,0.003586702270388809,0.01729003729814206,-0.014676726014286944,-1.5457471721823923,1.0893802321805983,-6.602650786064911,-1.6553053688583492,1.7717020596921325,-9.812744130741756
167,3.33,167,0.70403522,0.0097119,-0.41879877,-0.57345241,9.753e-05,-5.106e-05,-0.00036995,-0.0016987161423274125,-0.0011990045144030582,-0.0031629779195574107,-1.545737732251752,1.089460687344517,-6.60273998458458,-1.6707627933805203,1.7825962642897584,-9.878771084595005
168,3.34,168,0.7038908,0.00980422,-0.41881138,-0.57361883,0.00016184,0.00012767,-0.00051202,-0.00393941751175276,-0.0007854154747017459,-0.0036280876736351523,-1.5457659229200225,1.0894507652445715,-6.602773939912546,-1.6862203116563788,1.7934908215527037,-9.94479865421749
169,3.35,169,0.70377314,0.00986946,-0.41884506,-0.57373756,-0.00033708,0.00032164,-0.00141393,-0.010560382109299687,-0.00842192476200546,-0.005539798614031142,-1.5458384219181278,1.0894047285433879,-6.602819779343984,-1.7016783333805698,1.8043850990216437,-10.010826622813774
170,3.36,170,0.70371509,0.00990328,-0.41883665,-0.57381427,0.00118844,-0.00061671,-0.00027438,0.003269623451038997,0.005920759251520211,-0.011571557345188058,-1.5458748757114191,1.0893922227158355,-6.60290533612378,-1.7171368998687173,1.8152790837779396,-10.07685524839111
171,3.37,171,0.70366651,0.0099316,-0.4188309,-0.57387757,0.0004191,0.00013494,0.00016205,-0.00020025123199109683,0.004522740691186402,-0.0008204545047259453,-1.5458595288503238,1.089444440215549,-6.60296729618303,-1.7325955718915265,1.8261732670925968,-10.142884611552645
172,3.38,172,0.70363659,0.00995596,-0.41881263,-0.57392716,0.00046162,-0.00068698,0.00061347,0.00893105332685307,0.004297553114513388,-0.001959755041810793,-1.5458158748398496,1.0894885416845774,-6.602981197230762,-1.748053948909977,1.837067932002097,-10.208914354019713
