SensorId, TimeStamp (s), FrameNumber, AccX (g), AccY (g), AccZ (g), GyroX (deg/s), GyroY (deg/s), GyroZ (deg/s), MagX (uT), MagY (uT), MagZ (uT), EulerX (deg), EulerY (deg), EulerZ (deg), QuatW, QuatX, QuatY, QuatZ, LinAccX (g), LinAccY (g), LinAccZ (g), Pressure (kPa), Altitude (m), Temperature (degC), HeaveMotion (m)
1, 0.0000, 0, 0.09842779, -0.08323714, -0.97872901, -4.56700897, -1.21107364, -0.80014580, 17.09968758, 22.19643784, -33.39141464, 3.51468158, 5.23222637, 30.28574181, 0.96418357, -0.01765309, -0.05204089, -0.25948063, -0.00717936, 0.02188691, -0.01520756, 0.00000000, 0.00000000, 0.00000000, 0.00000000
1, 0.0100, 1, 0.09916527, -0.06933683, -0.97325361, -5.76174831, -1.46318066, -0.15949842, 16.92505074, 22.05207062, -33.56974411, 3.45890045, 5.21989012, 30.28359795, 0.96420079, -0.01721293, -0.05181053, -0.25949231, -0.00810555, 0.00889003, -0.02075557, 0.00000000, 0.00000000, 0.00000000, 0.00000000
1, 0.0200, 2, 0.09545635, -0.04872236, -0.97237098, -4.98297119, -1.58252335, -0.13178566, 17.71091080, 21.79221153, -33.21308899, 3.40711951, 5.20533609, 30.28144836, 0.96421790, -0.01681149, -0.05157058, -0.25950274, -0.00463708, -0.01078905, -0.02171664, 0.00000000, 0.00000000, 0.00000000, 0.00000000
1, 0.0300, 3, 0.09317092, -0.03982306, -0.98449057, -2.84445572, -1.41784203, -0.16436969, 16.98326492, 21.73446655, -33.21308899, 3.37198663, 5.19209242, 30.27998161, 0.96423048, -0.01654682, -0.05137945, -0.25951084, -0.00259061, -0.01895701, -0.00966242, 0.00000000, 0.00000000, 0.00000000, 0.00000000
1, 0.0400, 4, 0.08955511, -0.04762774, -0.99317437, -0.70259160, -1.27249539, 0.11986126, 16.98326492, 21.73446655, -33.21308899, 3.35664630, 5.17770195, 30.28306770, 0.96423024, -0.01644927, -0.05122415, -0.25954872, 0.00079046, -0.01075866, -0.00102316, 0.00000000, 0.00000000, 0.00000000, 0.00000000
1, 0.0500, 5, 0.08048259, -0.05193032, -0.99647331, -0.51011515, -1.13155973, -0.02095095, 17.21611023, 21.64784431, -32.73755646, 3.34411073, 5.15487862, 30.28639412, 0.96423167, -0.01639451, -0.05100432, -0.25959027, 0.00950800, -0.00626078, 0.00223207, 0.00000000, 0.00000000, 0.00000000, 0.00000000
1, 0.0600, 6, 0.07743347, -0.05841570, -1.00246394, -0.18957986, -0.41905898, 0.47793800, 17.36164093, 22.34080505, -33.83723068, 3.34082842, 5.13472366, 30.29759979, 0.96421301, -0.01640803, -0.05082902, -0.25969300, 0.01219738, 0.00038806, 0.00818072, 0.00000000, 0.00000000, 0.00000000, 0.00000000
1, 0.0700, 7, 0.07364556, -0.06083073, -1.00020301, 0.48906472, -0.80299193, 0.97898936, 17.04147530, 21.93657875, -33.83723068, 3.34714913, 5.11386538, 30.30999184, 0.96419048, -0.01650346, -0.05066973, -0.25980175, 0.01561611, 0.00272561, 0.00589111, 0.00000000, 0.00000000, 0.00000000, 0.00000000
1, 0.0800, 8, 0.07398567, -0.05371555, -0.99717367, -0.23257460, -0.47725603, 1.42879915, 16.72130966, 22.10981941, -33.62918854, 3.34203768, 5.09649754, 30.32578087, 0.96416074, -0.01649325, -0.05051439, -0.25994286, 0.01495174, -0.00441114, 0.00283395, 0.00000000, 0.00000000, 0.00000000, 0.00000000
1, 0.0900, 9, 0.07930428, -0.05324966, -0.99937505, -2.79716134, 0.26142386, 1.65129435, 16.72130966, 22.10981941, -33.62918854, 3.31369352, 5.09432077, 30.34278107, 0.96412694, -0.01625227, -0.05043420, -0.26009914, 0.00948643, -0.00455116, 0.00500327, 0.00000000, 0.00000000, 0.00000000, 0.00000000
1, 0.1000, 10, 0.07931345, -0.04516121, -0.99929130, -4.97691584, 0.20433576, 1.15700293, 17.30342865, 22.10981941, -33.00503922, 3.26159501, 5.09264946, 30.35456657, 0.96410793, -0.01581259, -0.05030351, -0.26022178, 0.00947066, -0.01186547, 0.00487429, 0.00000000, 0.00000000, 0.00000000, 0.00000000
1, 0.2300, 11, 0.10299458, -0.05256073, -0.99619567, -6.81020880, -2.78128314, 3.95542312, 16.77952385, 22.71615601, -33.77779388, 2.92701125, 4.98555326, 30.46027374, 0.96394283, -0.01319803, -0.04865515, -0.26129064, -0.01589492, 0.00125002, 0.00131837, 0.00000000, 0.00000000, 0.00000000, 0.00000000
1, 0.2400, 12, 0.10792387, -0.02928551, -0.98964900, -8.25629425, -3.31017947, 4.11926842, 16.89594650, 22.16756248, -33.15364456, 2.84600115, 4.95269060, 30.49958420, 0.96387225, -0.01257557, -0.04819845, -0.26166576, -0.02137710, -0.02072325, -0.00534278, 0.00000000, 0.00000000, 0.00000000, 0.00000000
1, 0.2500, 13, 0.10952283, -0.01912751, -0.98836660, -8.25756836, -3.30943584, 3.99598455, 16.83773613, 22.80277824, -33.24280930, 2.76396155, 4.92015219, 30.53769112, 0.96380395, -0.01194451, -0.04774154, -0.26203054, -0.02354494, -0.02943893, -0.00674590, 0.00000000, 0.00000000, 0.00000000, 0.00000000
1, 0.2600, 14, 0.10792702, -0.04383272, -0.99425232, -6.77172375, -2.97418237, 4.18188858, 16.83773613, 22.80277824, -33.24280930, 2.69958997, 4.89129400, 30.57800865, 0.96372712, -0.01145292, -0.04735579, -0.26240495, -0.02249270, -0.00350123, -0.00096638, 0.00000000, 0.00000000, 0.00000000, 0.00000000
1, 0.2700, 15, 0.10456471, -0.07202140, -0.99717182, -8.31099510, -1.91881025, 4.50563288, 16.89594650, 22.77390480, -33.09420395, 2.62320089, 4.87259436, 30.62231636, 0.96363866, -0.01083543, -0.04702786, -0.26281452, -0.01950812, 0.02587715, 0.00186489, 0.00000000, 0.00000000, 0.00000000, 0.00000000
1, 0.2800, 16, 0.09912052, -0.08136769, -0.99847716, -12.35468769, -1.24119377, 5.30275965, 16.43025398, 22.31192970, -33.18337250, 2.50733519, 4.85940886, 30.67499542, 0.96353227, -0.00987008, -0.04665582, -0.26330861, -0.01433431, 0.03696879, 0.00306782, 0.00000000, 0.00000000, 0.00000000, 0.00000000
1, 0.2900, 17, 0.09551128, -0.06870381, -0.99929410, -14.40252304, 0.00109322, 6.10826445, 16.54667664, 22.25418472, -32.52950668, 2.37060857, 4.85788870, 30.73617935, 0.96340305, -0.00869919, -0.04633349, -0.26387894, -0.01083313, 0.02659154, 0.00377625, 0.00000000, 0.00000000, 0.00000000, 0.00000000
1, 0.3000, 18, 0.08821602, -0.04653404, -0.99629390, -13.33793449, 0.66328114, 6.72400856, 16.75041771, 21.53235245, -33.15364456, 2.24350739, 4.86214733, 30.80372238, 0.96325505, -0.00759358, -0.04608104, -0.26449689, -0.00349017, 0.00672766, 0.00068526, 0.00000000, 0.00000000, 0.00000000, 0.00000000
1, 0.3100, 19, 0.07828878, -0.02767217, -0.99943769, -10.81086540, 1.07297063, 6.74402571, 17.09968758, 22.54291916, -33.24280930, 2.14019704, 4.86954594, 30.87163925, 0.96310222, -0.00668077, -0.04590870, -0.26510727, 0.00654503, -0.01017443, 0.00376171, 0.00000000, 0.00000000, 0.00000000, 0.00000000
1, 0.3200, 20, 0.07111707, -0.01099222, -1.00970066, -7.91988897, 1.27972162, 5.96617508, 17.09968758, 22.54291916, -33.24280930, 2.06334901, 4.87823725, 30.93171120, 0.96296459, -0.00599066, -0.04580706, -0.26564068, 0.01386658, -0.02534365, 0.01398113, 0.00000000, 0.00000000, 0.00000000, 0.00000000
1, 0.3300, 21, 0.06941135, -0.00201248, -1.01404703, -5.35183144, 1.74877715, 4.84159946, 16.66309929, 22.65841293, -33.15364456, 2.00974083, 4.89135504, 30.98033905, 0.96285033, -0.00549015, -0.04579531, -0.26606748, 0.01575802, -0.03324864, 0.01830475, 0.00000000, 0.00000000, 0.00000000, 0.00000000
1, 0.3400, 22, 0.06545804, -0.01611465, -1.00586760, -3.15840411, 1.95769691, 3.29422998, 17.15789986, 22.19643784, -32.85643768, 1.97729695, 4.90515232, 31.01345825, 0.96277046, -0.00517209, -0.04583736, -0.26635531, 0.01997145, -0.01845283, 0.01012315, 0.00000000, 0.00000000, 0.00000000, 0.00000000
1, 0.3500, 23, 0.06785031, -0.04555134, -0.99115586, -1.94703734, 2.52336502, 2.67467785, 17.24521637, 22.88939667, -32.67811203, 1.96237469, 4.92535162, 31.04134178, 0.96269983, -0.00498833, -0.04597352, -0.26659063, 0.01784445, 0.01137113, -0.00457919, 0.00000000, 0.00000000, 0.00000000, 0.00000000
1, 0.5100, 24, 0.12833259, -0.07424810, -1.00832641, -13.37603092, 1.66927946, 1.71571350, 17.65269852, 21.93657875, -33.15364456, 1.47005975, 5.46407413, 31.08243561, 0.96242756, 0.00042463, -0.04935166, -0.26701578, -0.03322523, 0.04785370, 0.01320955, 0.00000000, 0.00000000, 0.00000000, 0.00000000
1, 0.5200, 25, 0.13144200, -0.07385304, -1.00066102, -15.05221748, 1.42482769, 3.68134665, 17.76912308, 22.74503136, -33.15364456, 1.32723999, 5.48079777, 31.12044907, 0.96233141, 0.00167958, -0.04915869, -0.26739284, -0.03604869, 0.04985989, 0.00551075, 0.00000000, 0.00000000, 0.00000000, 0.00000000
1, 0.5300, 26, 0.13331574, -0.08176801, -0.98627120, -15.64946365, 3.42636800, 6.56268549, 18.38034630, 23.09151268, -32.64839554, 1.18130791, 5.51668167, 31.18777847, 0.96215755, 0.00301802, -0.04911762, -0.26801345, -0.03745472, 0.06028698, -0.00889142, 0.00000000, 0.00000000, 0.00000000, 0.00000000
1, 0.5400, 27, 0.15128016, -0.07176670, -0.97889507, -16.88776207, 5.98449421, 9.22650146, 18.38034630, 23.09151268, -32.64839554, 1.02455318, 5.57815504, 31.28218460, 0.96190763, 0.00451903, -0.04926327, -0.26886135, -0.05449414, 0.05293354, -0.01623164, 0.00000000, 0.00000000, 0.00000000, 0.00000000
1, 0.5500, 28, 0.16225207, -0.04679732, -0.95584786, -17.54216576, 5.64862394, 12.50412464, 17.56538200, 21.21474457, -31.90536880, 0.86313772, 5.63581896, 31.40923691, 0.96157885, 0.00606440, -0.04936173, -0.26998648, -0.06441576, 0.03073911, -0.03922477, 0.00000000, 0.00000000, 0.00000000, 0.00000000
1, 0.5600, 29, 0.14999713, 0.02258620, -0.91200292, -15.39218712, 8.24717140, 16.25140572, 17.91465187, 21.12812424, -31.78648186, 0.72486281, 5.71769857, 31.57398033, 0.96114880, 0.00748957, -0.04971214, -0.27141401, -0.05098767, -0.03594475, -0.08299360, 0.00000000, 0.00000000, 0.00000000, 0.00000000
1, 0.5700, 30, 0.16476986, 0.03859608, -0.94363737, -7.54571724, 11.06597805, 18.65281296, 17.88554764, 21.76333618, -31.96481133, 0.66678822, 5.82865143, 31.76307487, 0.96065032, 0.00832337, -0.05049137, -0.27300614, -0.06388688, -0.05055287, -0.05118889, 0.00000000, 0.00000000, 0.00000000, 0.00000000
1, 0.5800, 31, 0.13815345, 0.07368282, -0.95743304, -6.30581427, 7.62742567, 17.51132011, 18.72961617, 22.10981941, -32.05397415, 0.61772144, 5.90456057, 31.94003487, 0.96019226, 0.00899468, -0.05099689, -0.27449811, -0.03578073, -0.08464324, -0.03725260, 0.00000000, 0.00000000, 0.00000000, 0.00000000
1, 0.5900, 32, 0.11845021, 0.08713514, -0.97608072, 2.53603458, 6.87970495, 13.87481117, 18.58408737, 22.31192970, -31.72703743, 0.65095228, 5.97268438, 32.08029938, 0.95982945, 0.00894295, -0.05163630, -0.27564669, -0.01484447, -0.09809980, -0.01847717, 0.00000000, 0.00000000, 0.00000000, 0.00000000
1, 0.6000, 33, 0.07740609, 0.08067533, -0.98510283, 12.54522324, 9.84543133, 13.44250393, 18.58408737, 22.31192970, -31.72703743, 0.78632891, 6.06779766, 32.21663284, 0.95947051, 0.00810109, -0.05274881, -0.27670971, 0.02768495, -0.09330041, -0.00927924, 0.00000000, 0.00000000, 0.00000000, 0.00000000
1, 0.6100, 34, 0.03762891, 0.05396203, -1.03371644, 16.90357780, 8.65996456, 10.38237095, 17.88554764, 21.87882996, -32.11341095, 0.96368742, 6.14960241, 32.32234573, 0.95919144, 0.00686384, -0.05385549, -0.27749640, 0.06893267, -0.06955857, 0.03953313, 0.00000000, 0.00000000, 0.00000000, 0.00000000
1, 0.6200, 35, 0.02301718, 0.01818592, -1.05794561, 15.42391682, 12.97594452, 7.48448229, 18.78782845, 21.30136681, -32.17285156, 1.12496209, 6.27496290, 32.40010834, 0.95895773, 0.00585599, -0.05529100, -0.27804434, 0.08541414, -0.03669552, 0.06401446, 0.00000000, 0.00000000, 0.00000000, 0.00000000
1, 0.6300, 36, 0.02373089, 0.01499685, -1.04978037, 11.58076191, 16.16753769, 4.71558905, 18.84604073, 22.28306007, -32.35118484, 1.24478269, 6.43199110, 32.45108795, 0.95877081, 0.00526108, -0.05689296, -0.27837744, 0.08724940, -0.03585896, 0.05617721, 0.00000000, 0.00000000, 0.00000000, 0.00000000
1, 0.6400, 37, 0.04651336, -0.02521227, -1.04433405, 13.78019333, 20.73931122, 2.03823757, 18.81693459, 21.96545219, -32.38090134, 1.38526368, 6.63619518, 32.47659302, 0.95862305, 0.00459707, -0.05894095, -0.27847189, 0.06760422, 0.00218354, 0.05113445, 0.00000000, 0.00000000, 0.00000000, 0.00000000
1, 0.6500, 38, 0.07333054, -0.06651964, -1.05356872, 15.32296848, 31.61997223, 1.60533154, 18.81693459, 21.96545219, -32.38090134, 1.54211712, 6.95045996, 32.50113297, 0.95842320, 0.00406574, -0.06194879, -0.27851540, 0.04547876, 0.04077150, 0.06098711, 0.00000000, 0.00000000, 0.00000000, 0.00000000
1, 0.6600, 39, 0.13260593, -0.16565751, -1.13959074, 7.38442039, 42.54911804, 7.67711687, 18.64229965, 21.56122589, -32.38090134, 1.62811112, 7.37359667, 32.59058380, 0.95800161, 0.00443212, -0.06569117, -0.27910191, -0.00716108, 0.13781440, 0.14788327, 0.00000000, 0.00000000, 0.00000000, 0.00000000
1, 0.6700, 40, 0.15997776, -0.22079273, -1.22228837, -22.00839615, 52.88050842, 24.92039490, 18.96246338, 21.67671776, -31.54871368, 1.44410777, 7.89548206, 32.85657120, 0.95706803, 0.00741057, -0.06958616, -0.28128931, -0.02613394, 0.19402528, 0.23165172, 0.00000000, 0.00000000, 0.00000000, 0.00000000
1, 0.6800, 41, 0.10892918, -0.19374354, -1.37803543, -60.35436630, 66.13843536, 42.72596741, 19.77742767, 21.73446655, -31.07318115, 0.90448844, 8.54782200, 33.30196762, 0.95554256, 0.01381263, -0.07365285, -0.28517163, 0.03522104, 0.17424101, 0.38868111, 0.00000000, 0.00000000, 0.00000000, 0.00000000
1, 0.6900, 42, 0.08955330, -0.04789352, -1.65688837, -83.93723297, 84.08744049, 57.10474014, 20.50507545, 22.39855194, -30.53820419, 0.15645054, 9.38332367, 33.88785934, 0.95341688, 0.02253585, -0.07863931, -0.29035199, 0.06791709, 0.04023589, 0.66941011, 0.00000000, 0.00000000, 0.00000000, 0.00000000
1, 0.7000, 43, 0.03525607, 0.19213441, -1.99982178, -73.46241760, 84.73612976, 59.75987244, 20.85434532, 22.36967850, -30.06266212, -0.47531056, 10.23251629, 34.49156570, 0.95111889, 0.03038375, -0.08394212, -0.29564071, 0.13705230, -0.18761310, 1.01480186, 0.00000000, 0.00000000, 0.00000000, 0.00000000
1, 0.7100, 44, -0.06285980, 0.41164130, -2.34107494, -23.07014847, 63.92290878, 56.58621216, 20.85434532, 22.36967850, -30.06266212, -0.60168833, 10.87752628, 35.06029129, 0.94910276, 0.03353290, -0.08880432, -0.30032188, 0.24779400, -0.40118772, 1.35838413, 0.00000000, 0.00000000, 0.00000000, 0.00000000
1, 0.7200, 45, -0.17214975, 0.68992758, -2.71371627, 68.11598969, 23.58058357, 25.33416176, 22.13500404, 22.16756248, -29.31963539, 0.12837026, 11.11508751, 35.31631851, 0.94843650, 0.02831434, -0.09262048, -0.30180776, 0.36412945, -0.68610764, 1.73233354, 0.00000000, 0.00000000, 0.00000000, 0.00000000
1, 0.7300, 46, -0.12285726, 0.52927363, -2.85684085, 168.41842651, -42.99258804, -4.97079802, 22.51338005, 20.81051826, -29.58712769, 1.80138421, 10.68651295, 35.25690079, 0.94922519, 0.01328184, -0.09347814, -0.30009481, 0.31209716, -0.54833359, 1.87513530, 0.00000000, 0.00000000, 0.00000000, 0.00000000
1, 0.7400, 47, -0.15609333, 0.22198498, -2.81496859, 227.42686462, -111.40549469, -17.79696083, 21.55288506, 20.29079819, -31.31094742, 4.03355074, 9.58313274, 35.01773453, 0.95063323, -0.00832931, -0.09016247, -0.29681271, 0.33033386, -0.27646261, 1.83185124, 0.00000000, 0.00000000, 0.00000000, 0.00000000
1, 0.7500, 48, -0.25627294, -0.15995976, -2.60189939, 229.23332214, -137.35911560, -12.29728222, 20.70881653, 18.52952576, -33.18337250, 6.28699064, 8.22591496, 34.76785660, 0.95160925, -0.03080066, -0.08468556, -0.29380175, 0.40822893, 0.06579155, 1.61808956, 0.00000000, 0.00000000, 0.00000000, 0.00000000
1, 0.7600, 49, -0.63610113, -0.46243230, -2.40076661, 157.69111633, -121.93560028, -6.32384729, 20.70881653, 18.52952576, -33.18337250, 7.83545637, 7.02376366, 34.55270767, 0.95210606, -0.04696972, -0.07860798, -0.29173395, 0.76576555, 0.33615905, 1.41732228, 0.00000000, 0.00000000, 0.00000000, 0.00000000
1, 0.7700, 50, -0.89770353, -0.45724344, -3.12206268, 17.50941086, 0.29874852, 16.11174965, 19.89385223, 18.58727455, -34.63969803, 8.03002357, 7.00415802, 34.71429062, 0.95161921, -0.04852618, -0.07900926, -0.29295674, 1.01835907, 0.31862536, 2.13909483, 0.00000000, 0.00000000, 0.00000000, 0.00000000
1, 0.7800, 51, -0.84112775, -0.26766282, -3.94005561, -70.61386871, 43.13457489, 23.02488327, 19.57368660, 18.41403389, -34.04527664, 7.36005449, 7.40032816, 35.00306702, 0.95100415, -0.04171794, -0.08068286, -0.29553512, 0.96744984, 0.13506326, 2.95697761, 0.00000000, 0.00000000, 0.00000000, 0.00000000
1, 0.7900, 52, -0.71149689, -0.12942979, -3.99912143, -163.46350098, 21.84715271, 16.21952248, 20.09759331, 19.22248650, -34.25332642, 5.75014544, 7.59861135, 35.19182205, 0.95092487, -0.02770069, -0.07821169, -0.29808962, 0.84292924, 0.01849803, 3.01405787, 0.00000000, 0.00000000, 0.00000000, 0.00000000
1, 0.8000, 53, -0.42921233, 0.13462526, -3.99855828, -234.67955017, -50.28715515, 14.24177170, 20.62149811, 18.84713364, -33.03476715, 3.41735554, 7.08437300, 35.29755020, 0.95124811, -0.00963668, -0.06787214, -0.30071181, 0.55729830, -0.20954099, 3.00970221, 0.00000000, 0.00000000, 0.00000000, 0.00000000
1, 0.8100, 54, -0.08841264, 0.27465186, -3.99973130, -246.28825378, -169.11132812, -36.77905273, 19.95206451, 21.01263237, -32.79700089, 0.90810031, 5.40658808, 34.86840439, 0.95308203, 0.00657820, -0.04736746, -0.29891086, 0.19516931, -0.30639249, 3.00606680, 0.00000000, 0.00000000, 0.00000000, 0.00000000
1, 0.8200, 55, 0.03256098, 0.30066827, -4.00039339, -182.44868469, -267.56042480, -73.01161957, 19.95206451, 21.01263237, -32.79700089, -0.96789056, 2.72925043, 34.14278793, 0.95557541, 0.01506283, -0.02028601, -0.29366156, 0.03342496, -0.29488221, 3.00271821, 0.00000000, 0.00000000, 0.00000000, 0.00000000
1, 0.8300, 56, 0.07118315, 0.10463177, -3.65374207, -103.88481903, -281.46203613, -90.19061279, 18.14749908, 22.91827202, -32.49979019, -2.02519202, -0.10878527, 33.31695938, 0.95788527, 0.01665841, 0.00597537, -0.28660530, -0.05476846, -0.07531445, 2.65441227, 0.00000000, 0.00000000, 0.00000000, 0.00000000
1, 0.8400, 57, 0.16524653, -0.24135777, -3.42105746, -67.33917236, -253.74755859, -93.29505920, 16.43025398, 23.75559807, -32.79700089, -2.67829967, -2.68266892, 32.48972702, 0.95970279, 0.01588464, 0.02900375, -0.27906460, -0.19560719, 0.28419626, 2.42251778, 0.00000000, 0.00000000, 0.00000000, 0.00000000
1, 0.8500, 58, 0.27880928, -0.60411996, -3.23136258, -39.47268295, -208.19291687, -83.98907471, 13.75251293, 24.85278511, -34.28304291, -3.02453709, -4.80404043, 31.75379181, 0.96097445, 0.01390030, 0.04751148, -0.27217185, -0.34966886, 0.65491539, 2.23522091, 0.00000000, 0.00000000, 0.00000000, 0.00000000
1, 0.8600, 59, 0.51005822, -0.74823195, -3.06784701, -14.53305531, -155.76293945, -60.89421463, 12.41364193, 25.45912170, -34.22360229, -3.11928153, -6.39212132, 31.22768402, 0.96165180, 0.01117188, 0.06098979, -0.26717275, -0.61123931, 0.80200481, 2.07446241, 0.00000000, 0.00000000, 0.00000000, 0.00000000
1, 0.8700, 60, 0.57220513, -0.69745141, -2.80476046, 39.50204086, -129.42835999, -21.52497864, 10.84192467, 26.12320900, -35.08551407, -2.70667529, -7.69607019, 31.08025742, 0.96142757, 0.00472856, 0.07095230, -0.26570749, -0.69856083, 0.74840176, 1.81410658, 0.00000000, 0.00000000, 0.00000000, 0.00000000
1, 0.8800, 61, 0.65996063, -0.17867208, -1.84595418, 168.36283875, -19.43810654, 4.03780317, 10.84192467, 26.12320900, -35.08551407, -1.03002346, -7.88919973, 31.13133430, 0.96116859, -0.00982069, 0.06867243, -0.26710036, -0.79784423, 0.20904285, 0.85601211, 0.00000000, 0.00000000, 0.00000000, 0.00000000
1, 0.8900, 62, 0.86566544, 0.37521780, -1.07430482, 223.72851562, 120.26170349, 40.42184448, 11.04566574, 25.43024826, -35.65021133, 1.15446603, -6.68697596, 31.54465294, 0.96050286, -0.02553057, 0.05338932, -0.27190438, -0.99160719, -0.38150173, 0.08236498, 0.00000000, 0.00000000, 0.00000000, 0.00000000
1, 0.9000, 63, 0.16499528, 0.00981524, -0.03792544, 156.44454956, 187.10214233, 66.29479218, 12.41364193, 23.64010620, -36.66072845, 2.64526844, -4.83989239, 32.27659988, 0.95921028, -0.03388607, 0.03413862, -0.27857110, -0.26202989, -0.04749854, -0.95657694, 0.00000000, 0.00000000, 0.00000000, 0.00000000
1, 0.9100, 64, -0.00137913, -0.01199883, 0.05053454, 120.07367706, 207.56933594, 65.86618042, 14.01446533, 20.31967163, -36.95793915, 3.79445148, -2.80454278, 33.05249023, 0.95764661, -0.03868691, 0.01403345, -0.28499004, -0.06089756, -0.04654127, -1.04680967, 0.00000000, 0.00000000, 0.00000000, 0.00000000
1, 0.9200, 65, -0.00745799, -0.00698083, 0.04718716, 118.14545441, 211.03240967, 65.42806244, 15.52797031, 20.83939171, -36.30407333, 4.95082712, -0.75034344, 33.86603928, 0.95565039, -0.04322262, -0.00632095, -0.29124600, -0.01908308, -0.07174015, -1.04366410, 0.00000000, 0.00000000, 0.00000000, 0.00000000
1, 0.9300, 66, -0.00388319, -0.00612490, 0.04829690, 116.97090912, 211.39770508, 64.84263611, 15.52797031, 20.83939171, -36.09602356, 6.12475204, 1.29115689, 34.71517563, 0.95321751, -0.04763043, -0.02667570, -0.29731482, 0.01310126, -0.09288280, -1.04327452, 0.00000000, 0.00000000, 0.00000000, 0.00000000
1, 0.9400, 67, 0.00681197, 0.00015805, 0.08777359, 112.56089783, 208.50767517, 64.72082520, 17.79822922, 19.74220467, -36.09602356, 7.28597450, 3.28634906, 35.60202026, 0.95036638, -0.05172385, -0.04666359, -0.30323404, 0.03751990, -0.11937658, -1.07958794, 0.00000000, 0.00000000, 0.00000000, 0.00000000
1, 0.9500, 68, 0.01231640, 0.00399770, 0.10637431, 102.00573730, 207.96522522, 64.60406494, 19.34084129, 18.96262741, -36.09602356, 8.37519646, 5.25850725, 36.52798843, 0.94714022, -0.05493261, -0.06630653, -0.30904895, 0.06648588, -0.14228141, -1.09356618, 0.00000000, 0.00000000, 0.00000000, 0.00000000
1, 0.9600, 69, 0.02275710, -0.00103147, 0.12521109, 85.05918121, 206.26455688, 64.94712067, 20.97076797, 18.15417290, -35.62049103, 9.33075619, 7.19648361, 37.49303055, 0.94359219, -0.05676643, -0.08532199, -0.31485164, 0.08998494, -0.15414572, -1.10658765, 0.00000000, 0.00000000, 0.00000000, 0.00000000
1, 0.9700, 70, 0.03205265, -0.00565432, 0.12664697, 60.15618896, 199.59510803, 66.81056976, 23.03728485, 16.73937988, -34.78830338, 10.07482433, 9.05097008, 38.49854660, 0.93979877, -0.05672679, -0.10306115, -0.32084057, 0.11345096, -0.16310976, -1.10145748, 0.00000000, 0.00000000, 0.00000000, 0.00000000
1, 0.9800, 71, 0.03198019, -0.00907888, 0.12401978, 30.55019951, 188.29191589, 68.60489655, 24.92916679, 16.24853516, -33.68862534, 10.55763245, 10.78048897, 39.52621078, 0.93588579, -0.05457151, -0.11900208, -0.32707533, 0.14405449, -0.16848415, -1.09221816, 0.00000000, 0.00000000, 0.00000000, 0.00000000
1, 0.9900, 72, 0.02317837, -0.00359071, 0.11203702, 10.34054661, 182.51432800, 69.84268951, 24.92916679, 16.24853516, -33.68862534, 10.87205887, 12.44393349, 40.57322311, 0.93181115, -0.05092624, -0.13385287, -0.33349341, 0.18171525, -0.17921673, -1.07356334, 0.00000000, 0.00000000, 0.00000000, 0.00000000
1, 1.0000, 73, 0.01749371, 0.00095073, 0.10438155, -5.92477798, 179.48954773, 70.57026672, 25.97697830, 15.81543446, -32.64839554, 11.05668545, 14.07183552, 41.63571548, 0.92755514, -0.04603980, -0.14794262, -0.34005105, 0.21529980, -0.18645425, -1.05901849, 0.00000000, 0.00000000, 0.00000000, 0.00000000
1, 1.0100, 74, 0.01430848, 0.00045775, 0.09095168, -19.60474014, 179.38499451, 71.09970856, 26.99568367, 15.18022251, -31.42982674, 11.13802528, 15.69531918, 42.71483231, 0.92307550, -0.04004287, -0.16157393, -0.34673053, 0.24597988, -0.18658295, -1.03833997, 0.00000000, 0.00000000, 0.00000000, 0.00000000
1, 1.1900, 75, 0.01036696, 0.01386216, 0.00594215, -110.49353790, 138.05729675, 71.65760040, 41.28666687, 9.66541672, -8.72298431, 5.84501743, 41.71353912, 62.87031555, 0.80575180, 0.14478981, -0.32823136, -0.47123677, 0.64867461, -0.09220231, -0.75392956, 0.00000000, 0.00000000, 0.00000000, 0.00000000
1, 1.2000, 76, 0.01134019, 0.01405120, 0.00566214, -112.11557770, 136.57122803, 71.52997589, 41.37398148, 9.31893444, -6.85056353, 5.49558115, 43.00212097, 64.01600647, 0.79737037, 0.15622249, -0.33408228, -0.47768614, 0.66448545, -0.08631165, -0.73914492, 0.00000000, 0.00000000, 0.00000000, 0.00000000
1, 1.2100, 77, 0.01100102, 0.01344601, 0.00498754, -113.63361359, 135.57347107, 71.38954163, 41.75236130, 8.68372250, -5.36451149, 5.15689516, 44.28595352, 65.17200470, 0.78878236, 0.16767995, -0.33970597, -0.48405126, 0.68119222, -0.07990381, -0.72360516, 0.00000000, 0.00000000, 0.00000000, 0.00000000
1, 1.2200, 78, 0.01094932, 0.01426238, 0.00258712, -115.04553986, 134.33271790, 71.15739441, 41.75236130, 8.68372250, -5.36451149, 4.82969046, 45.56242752, 66.33810425, 0.78000194, 0.17914270, -0.34508681, -0.49032637, 0.69718456, -0.07520795, -0.70600158, 0.00000000, 0.00000000, 0.00000000, 0.00000000
1, 1.2300, 79, 0.01179088, 0.01400622, 0.00093113, -116.24523163, 133.07531738, 70.92338562, 42.15984344, 8.42386341, -3.87846303, 4.51695967, 46.83113861, 67.51573944, 0.77103513, 0.19059074, -0.35023162, -0.49650577, 0.71183801, -0.06975615, -0.68883646, 0.00000000, 0.00000000, 0.00000000, 0.00000000
1, 1.2400, 80, 0.01068244, 0.01334581, -0.00062254, -117.30007172, 131.69479370, 70.96865082, 42.13073730, 7.84639597, -2.48157620, 4.22412205, 48.09032440, 68.71056366, 0.76187843, 0.20199585, -0.35514179, -0.50260639, 0.72798437, -0.06427047, -0.67149299, 0.00000000, 0.00000000, 0.00000000, 0.00000000
1, 1.2500, 81, 0.01055908, 0.01340789, -0.00077343, -118.03800964, 130.14233398, 70.81568146, 42.50911331, 6.89357615, -0.90636235, 3.95342374, 49.33809662, 69.92144775, 0.75255471, 0.21333146, -0.35981622, -0.50860918, 0.74265796, -0.05990373, -0.65532458, 0.00000000, 0.00000000, 0.00000000, 0.00000000
1, 1.2600, 82, 0.01031535, 0.01295040, -0.00089828, -118.68723297, 128.74649048, 70.75186920, 42.80017090, 6.34498310, 0.16359219, 3.70850277, 50.57556152, 71.15212250, 0.74306059, 0.22459157, -0.36427101, -0.51451558, 0.75697756, -0.05543500, -0.63896090, 0.00000000, 0.00000000, 0.00000000, 0.00000000
1, 1.2700, 83, 0.00958788, 0.01349648, -0.00399774, -119.29989624, 127.08930969, 70.70237732, 42.80017090, 6.34498310, 0.16359219, 3.49150085, 51.79963684, 72.40496063, 0.73340833, 0.23575759, -0.36849076, -0.52033168, 0.77128518, -0.05240638, -0.61945027, 0.00000000, 0.00000000, 0.00000000, 0.00000000
1, 1.2800, 84, 0.00865869, 0.01310876, -0.00207328, -119.86070251, 125.36350250, 70.51078796, 42.62553406, 5.65202332, 1.76852787, 3.30302858, 53.00936890, 73.68011475, 0.72361219, 0.24682420, -0.37247178, -0.52604944, 0.78528327, -0.04886729, -0.60483885, 0.00000000, 0.00000000, 0.00000000, 0.00000000
1, 1.2900, 85, 0.00986403, 0.01364130, 0.00011876, -120.42354584, 124.16036224, 70.32522583, 42.82927704, 4.87244463, 3.75983548, 3.14574647, 54.20959473, 74.98094177, 0.71365875, 0.25781164, -0.37624821, -0.53165936, 0.79667127, -0.04666768, -0.59035242, 0.00000000, 0.00000000, 0.00000000, 0.00000000
1, 1.6000, 86, 0.00991193, 0.00523622, -0.02756871, -174.99772644, 14.71576595, 76.25915527, 31.94368172, -23.16355133, 19.60112762, 37.31235123, 76.57093811, 157.82714844, 0.33750162, 0.52778685, -0.35928410, -0.69169980, 0.96328354, -0.14326926, -0.15636854, 0.00000000, 0.00000000, 0.00000000, 0.00000000
1, 1.6100, 87, 0.01083723, 0.00477046, -0.02642176, -178.54960632, 6.96324110, 76.84963226, 31.94368172, -23.16355133, 19.60112762, 38.20663071, 76.15496063, 160.58462524, 0.32437325, 0.53097767, -0.35219947, -0.69914252, 0.96077949, -0.15007055, -0.16024286, 0.00000000, 0.00000000, 0.00000000, 0.00000000
1, 1.6200, 88, 0.00951196, 0.00446049, -0.03599091, -180.76762390, -2.28396082, 77.60611725, 31.47798729, -24.54947090, 18.26368332, 38.76157761, 75.65362549, 163.02050781, 0.31128523, 0.53348857, -0.34465075, -0.70689976, 0.96013904, -0.15693298, -0.15511781, 0.00000000, 0.00000000, 0.00000000, 0.00000000
1, 1.6300, 89, 0.00722733, 0.00322085, -0.04763611, -183.48626709, -14.40814972, 78.40390015, 31.15782356, -25.87764359, 17.52065849, 38.91753387, 75.04909515, 165.07807922, 0.29829255, 0.53514087, -0.33653954, -0.71511322, 0.95996940, -0.16271091, -0.15006074, 0.00000000, 0.00000000, 0.00000000, 0.00000000
1, 1.6400, 90, 0.00891548, 0.00213066, -0.05436979, -188.88215637, -29.53779984, 79.02961731, 30.77944565, -27.06144905, 16.21293449, 38.60400772, 74.32339478, 166.71122742, 0.28535905, 0.53580201, -0.32762101, -0.72398263, 0.95519567, -0.16831598, -0.15265407, 0.00000000, 0.00000000, 0.00000000, 0.00000000
1, 1.6500, 91, 0.01005489, 0.00078251, -0.05344712, -194.15542603, -44.19702148, 79.73027039, 30.45928192, -27.66778946, 14.63772202, 37.88435364, 73.48219299, 167.98286438, 0.27245754, 0.53546721, -0.31792623, -0.73346066, 0.95026082, -0.17316675, -0.16577609, 0.00000000, 0.00000000, 0.00000000, 0.00000000
1, 1.6600, 92, 0.01058353, 0.00111917, -0.05976063, -199.05967712, -58.55807495, 80.32574463, 30.45928192, -27.66778946, 14.63772202, 36.82073212, 72.52881622, 168.95204163, 0.25958800, 0.53411853, -0.30748871, -0.74349320, 0.94517672, -0.17910066, -0.17437650, 0.00000000, 0.00000000, 0.00000000, 0.00000000
1, 1.6700, 93, 0.01241898, -0.00042691, -0.06345046, -203.62304688, -73.61608887, 81.12188721, 29.61521149, -28.36074829, 12.97334576, 35.46431351, 71.45533752, 169.66673279, 0.24675658, 0.53166562, -0.29633063, -0.75407624, 0.93790364, -0.18243858, -0.18837187, 0.00000000, 0.00000000, 0.00000000, 0.00000000
1, 1.6800, 94, 0.01201860, -0.00150641, -0.07202828, -206.87696838, -89.08715820, 81.85010529, 29.96448135, -29.48680878, 11.42785454, 33.87553024, 70.25646973, 170.17465210, 0.23402153, 0.52802080, -0.28453514, -0.76515871, 0.93187416, -0.18544629, -0.20013461, 0.00000000, 0.00000000, 0.00000000, 0.00000000
1, 1.6900, 95, 0.01207434, -0.00098820, -0.08794290, -211.39195251, -111.16813660, 82.86441803, 29.61521149, -30.72836304, 9.43654442, 32.00620270, 68.87236023, 170.43551636, 0.22145107, 0.52272463, -0.27190244, -0.77703756, 0.92398632, -0.18911010, -0.20802280, 0.00000000, 0.00000000, 0.00000000, 0.00000000
1, 1.7000, 96, 0.01244157, -0.00221103, -0.10363398, -214.67982483, -131.76094055, 83.42822266, 29.35325813, -32.25864792, 5.89974833, 29.95234299, 67.31269073, 170.53555298, 0.20906743, 0.51581478, -0.25853631, -0.78954732, 0.91414046, -0.18988916, -0.21958277, 0.00000000, 0.00000000, 0.00000000, 0.00000000
1, 2.1200, 97, -0.66132951, -0.86274058, -0.15554945, 267.96823120, -8.20701885, -659.33526611, 15.00406456, -38.55303574, -18.47147369, 41.58450317, -6.18418503, 112.38727570, 0.50348490, -0.23912114, -0.26647425, -0.78633040, 0.52553296, 0.22178161, -0.59945375, 0.00000000, 0.00000000, 0.00000000, 0.00000000
1, 2.1300, 98, -0.42760029, -0.75779414, -0.01701107, 207.70394897, 95.11787415, -680.79803467, 19.71921539, -37.88894272, -16.06407166, 43.94595718, -0.85914212, 108.03990173, 0.54254240, -0.22544596, -0.29869244, -0.75206697, 0.37592071, 0.07477502, -0.71098715, 0.00000000, 0.00000000, 0.00000000, 0.00000000
1, 2.1400, 99, -0.00005298, -0.49343175, -0.24812247, 156.77058411, 224.68765259, -714.71466064, 25.33664894, -35.55020905, -14.13220787, 45.37575912, 5.76218081, 104.53623962, 0.57923251, -0.19906774, -0.33304581, -0.71689767, 0.05555290, -0.21040511, -0.45926347, 0.00000000, 0.00000000, 0.00000000, 0.00000000
1, 2.1500, 100, 0.34180215, -0.39100555, -0.59544021, 205.41194153, 300.09829712, -760.62677002, 30.75034142, -31.53681564, -10.98178005, 46.91030884, 13.32530594, 101.38574219, 0.61294264, -0.16808434, -0.37332612, -0.67577845, -0.16061378, -0.31974903, -0.08319982, 0.00000000, 0.00000000, 0.00000000, 0.00000000
1, 2.1600, 101, 0.50441670, -0.42229587, -0.94236720, 183.97225952, 251.71746826, -785.65783691, 35.61101913, -26.51285553, -8.09884548, 47.67040634, 20.81514168, 97.75872803, 0.64665419, -0.13690646, -0.40808687, -0.62973017, -0.19447634, -0.27849197, 0.30087054, 0.00000000, 0.00000000, 0.00000000, 0.00000000
1, 2.1700, 102, 0.51377952, -0.37016776, -0.81649446, 0.41098598, 79.77973175, -776.59039307, 35.61101913, -26.51285553, -8.09884548, 45.55183411, 27.02543449, 92.58050537, 0.68487489, -0.10437063, -0.42096019, -0.58553022, -0.09434602, -0.28927118, 0.19341952, 0.00000000, 0.00000000, 0.00000000, 0.00000000
1, 2.1800, 103, 0.75229168, -0.52842247, -0.46056083, -170.53312683, -10.52955818, -748.18688965, 39.27835846, -21.37340355, -7.44498062, 40.70648575, 32.07859802, 86.23401642, 0.72342592, -0.06694627, -0.41756204, -0.54572433, -0.24853790, -0.05688789, -0.17394859, 0.00000000, 0.00000000, 0.00000000, 0.00000000
1, 2.1900, 104, 1.70274949, -1.32566762, -0.48852205, -224.63996887, 8.63820076, -613.89691162, 41.57772446, -14.41493416, -8.57437897, 35.23186493, 35.93158722, 80.46379089, 0.75244915, -0.02989748, -0.41037461, -0.51431423, -1.13547790, 0.82727754, -0.16646321, 0.00000000, 0.00000000, 0.00000000, 0.00000000
1, 2.2000, 105, 2.42484879, -1.50823355, -0.64254320, -134.34407043, 75.81996918, -307.14617920, 42.33447647, -9.04449654, -8.33661175, 32.27716446, 38.27013397, 77.79125977, 0.76352453, -0.00666892, -0.40995684, -0.49892002, -1.81593776, 1.07377315, -0.02097550, 0.00000000, 0.00000000, 0.00000000, 0.00000000
1, 2.2100, 106, 1.93217134, -0.60033911, -0.72769541, -62.75986099, 38.44720840, -170.35922241, 42.39268875, -6.27265835, -7.89079618, 30.63877678, 39.48688126, 76.18422699, 0.76949453, 0.00529161, -0.40982607, -0.48978850, -1.30142546, 0.19861346, 0.06383345, 0.00000000, 0.00000000, 0.00000000, 0.00000000
1, 2.2200, 107, 0.93530250, -0.16375098, -0.83428288, -11.21529198, -10.08460045, -64.22750092, 42.39268875, -6.27265835, -7.89079618, 30.01957703, 39.72436905, 75.40059662, 0.77257353, 0.00796049, -0.40860763, -0.48590824, -0.29647255, -0.22311381, 0.16928089, 0.00000000, 0.00000000, 0.00000000, 0.00000000
1, 2.2300, 108, 0.36491323, -0.10100909, -0.78974724, 10.01414490, -37.99826431, 2.95914507, 43.06212234, -5.34871101, -7.92051840, 29.97163582, 39.37634277, 75.18648529, 0.77381253, 0.00562585, -0.40639353, -0.48582587, 0.27151838, -0.28406444, 0.12141380, 0.00000000, 0.00000000, 0.00000000, 0.00000000
1, 2.2400, 109, 0.35112134, -0.40884766, -0.64183927, 34.54366684, -18.04059982, 42.08250046, 43.06212234, -5.26209259, -8.81215000, 30.53985596, 39.00564957, 75.54235840, 0.77266043, 0.00103163, -0.40664116, -0.48748103, 0.28002635, 0.01769853, -0.02797109, 0.00000000, 0.00000000, 0.00000000, 0.00000000
1, 2.5300, 110, 0.60232127, -0.46674532, -0.64864284, 0.00052567, -0.13768138, 0.16261528, 43.14944077, -7.08111095, -7.68275118, 35.06169510, 37.29559708, 84.76078796, 0.73232037, -0.00530833, -0.41760221, -0.53785408, 0.00369325, 0.00996193, -0.00258309, 0.00000000, 0.00000000, 0.00000000, 0.00000000
1, 2.5400, 111, 0.60030425, -0.46686870, -0.64920801, 0.01882329, -0.29441881, 0.16066578, 42.77106476, -7.34097052, -8.42577362, 35.08967590, 37.27865219, 84.89199829, 0.73170757, -0.00510945, -0.41765058, -0.53865188, 0.00547647, 0.00959569, -0.00189188, 0.00000000, 0.00000000, 0.00000000, 0.00000000
1, 2.5500, 112, 0.59782284, -0.46519020, -0.65002549, 0.00054922, -0.18984237, 0.14439966, 42.80017090, -7.02336454, -7.89079618, 35.11891174, 37.25131989, 85.08383942, 0.73081106, -0.00475937, -0.41765302, -0.53986889, 0.00767130, 0.00751560, -0.00105891, 0.00000000, 0.00000000, 0.00000000, 0.00000000
1, 2.5600, 113, 0.59743065, -0.46626154, -0.64985055, 0.01530972, 0.09004291, -0.02863994, 42.80017090, -7.02336454, -7.89079618, 35.16776276, 37.21264648, 85.34152222, 0.72960353, -0.00436177, -0.41769141, -0.54147345, 0.00748853, 0.00778960, -0.00120723, 0.00000000, 0.00000000, 0.00000000, 0.00000000
1, 2.5700, 114, 0.60195422, -0.46641052, -0.64866704, 0.01332464, 0.31717172, -0.13169640, 43.14944077, -7.22547817, -8.60410118, 35.18964386, 37.20920563, 85.45606995, 0.72906202, -0.00410399, -0.41778117, -0.54213524, 0.00278650, 0.00755280, -0.00228475, 0.00000000, 0.00000000, 0.00000000, 0.00000000
1, 2.5800, 115, 0.60300666, -0.46791652, -0.64722687, -0.03923607, 0.19502209, -0.13268870, 44.16814804, -6.93674421, -8.60410118, 35.22206879, 37.20531464, 85.59545135, 0.72840196, -0.00382517, -0.41791916, -0.54291761, 0.00169179, 0.00868584, -0.00350116, 0.00000000, 0.00000000, 0.00000000, 0.00000000
1, 2.5900, 116, 0.60144657, -0.46721628, -0.64757359, -0.01984507, 0.03764718, -0.02896614, 42.80017090, -8.61139584, -8.27717209, 35.29590607, 37.18202591, 85.90032959, 0.72695845, -0.00332114, -0.41815791, -0.54466897, 0.00300577, 0.00720840, -0.00283399, 0.00000000, 0.00000000, 0.00000000, 0.00000000
1, 2.6000, 117, 0.60168558, -0.46635765, -0.64790201, -0.05217223, -0.22498617, 0.16202539, 43.46960449, -8.09167671, -8.15828514, 35.31956863, 37.17193985, 86.04722595, 0.72626132, -0.00299553, -0.41822213, -0.54555082, 0.00257759, 0.00576571, -0.00226800, 0.00000000, 0.00000000, 0.00000000, 0.00000000
1, 2.6100, 118, 0.59865266, -0.46589494, -0.64945972, 0.07216002, -0.27701619, 0.19567488, 42.94570160, -6.27265835, -8.60410118, 35.32976532, 37.16012573, 86.13898468, 0.72582662, -0.00279605, -0.41821185, -0.54613811, 0.00545324, 0.00510803, -0.00071830, 0.00000000, 0.00000000, 0.00000000, 0.00000000
1, 2.6200, 119, 0.59782726, -0.46549976, -0.64957124, 0.03476931, -0.08475443, 0.07488143, 42.94570160, -6.27265835, -8.60410118, 35.35532379, 37.13245392, 86.34430695, 0.72485232, -0.00237466, -0.41819516, -0.54744524, 0.00599676, 0.00438486, -0.00063612, 0.00000000, 0.00000000, 0.00000000, 0.00000000
1, 2.6300, 120, 0.59947747, -0.46604595, -0.64934564, 0.03257844, 0.19464162, -0.02757144, 43.00391006, -6.47477150, -7.65302944, 35.37088394, 37.12372589, 86.45768738, 0.72431189, -0.00211174, -0.41822666, -0.54813719, 0.00409865, 0.00458550, -0.00084680, 0.00000000, 0.00000000, 0.00000000, 0.00000000
1, 2.6400, 121, 0.60070467, -0.46690252, -0.64872348, -0.02066613, 0.10765556, -0.08099737, 43.03301620, -6.90787029, -7.68275118, 35.39646149, 37.11381531, 86.61116028, 0.72357869, -0.00177270, -0.41830057, -0.54904950, 0.00273129, 0.00511770, -0.00136863, 0.00000000, 0.00000000, 0.00000000, 0.00000000
1, 2.6500, 122, 0.60238242, -0.46644107, -0.64851815, 0.03232968, 0.07310969, -0.09942789, 43.09122849, -6.27265835, -7.26665735, 35.41637421, 37.10979843, 86.74779510, 0.72292411, -0.00142382, -0.41837725, -0.54985386, 0.00098008, 0.00438529, -0.00144956, 0.00000000, 0.00000000, 0.00000000, 0.00000000
1, 2.6600, 123, 0.60162944, -0.46663749, -0.64738601, -0.05468045, -0.04969960, -0.01208273, 42.80017090, -6.56139040, -7.50442457, 35.44458389, 37.10274506, 86.91067505, 0.72214288, -0.00104944, -0.41847822, -0.55080360, 0.00165622, 0.00426659, -0.00242896, 0.00000000, 0.00000000, 0.00000000, 0.00000000
1, 2.6700, 124, 0.60095090, -0.46611333, -0.64816833, -0.03599688, -0.11974999, 0.05742181, 42.80017090, -6.56139040, -7.50442457, 35.46061325, 37.09476471, 87.03598785, 0.72154146, -0.00074092, -0.41851529, -0.55156350, 0.00223058, 0.00345141, -0.00153627, 0.00000000, 0.00000000, 0.00000000, 0.00000000
1, 2.6800, 125, 0.60048658, -0.46644136, -0.64914399, -0.01891037, -0.01504503, 0.04087830, 42.85837936, -7.19660378, -7.50442457, 35.47490311, 37.08433151, 87.16425323, 0.72092545, -0.00042547, -0.41853127, -0.55235666, 0.00257409, 0.00357572, -0.00052755, 0.00000000, 0.00000000, 0.00000000, 0.00000000
1, 2.6900, 126, 0.60011137, -0.46658358, -0.65036249, -0.00091068, -0.04993185, 0.05794921, 42.80017090, -8.26491833, -7.38554096, 35.49404144, 37.06705856, 87.35623169, 0.72000206, 0.00005085, -0.41853550, -0.55355674, 0.00273617, 0.00344650, 0.00068654, 0.00000000, 0.00000000, 0.00000000, 0.00000000
1, 2.7000, 127, 0.60082328, -0.46616784, -0.64889979, -0.05582093, 0.05525984, -0.08132357, 42.39268875, -6.99449062, -7.83135653, 35.50922394, 37.05939102, 87.52017212, 0.71921068, 0.00050792, -0.41856933, -0.55455881, 0.00183754, 0.00269599, -0.00071070, 0.00000000, 0.00000000, 0.00000000, 0.00000000
1, 2.7100, 128, 0.60015231, -0.46534860, -0.64861166, -0.03802700, 0.07264025, -0.06364907, 42.74195862, -6.44589758, -7.74219131, 35.51723099, 37.05469131, 87.63593292, 0.71865088, 0.00085204, -0.41858342, -0.55527300, 0.00244755, 0.00176968, -0.00097890, 0.00000000, 0.00000000, 0.00000000, 0.00000000
1, 2.7200, 129, 0.60123432, -0.46657950, -0.64719939, 0.03330942, 0.05515608, -0.01156903, 42.62553406, -6.73463106, -7.68275118, 35.54314804, 37.05011749, 87.80461884, 0.71783376, 0.00127809, -0.41868427, -0.55625236, 0.00129490, 0.00272904, -0.00226294, 0.00000000, 0.00000000, 0.00000000, 0.00000000
1, 2.7300, 130, 0.60092276, -0.46620765, -0.64789462, 0.01601715, 0.00271836, 0.00557808, 42.62553406, -6.73463106, -7.68275118, 35.55977631, 37.04388046, 87.95422363, 0.71710807, 0.00168270, -0.41873139, -0.55715096, 0.00155331, 0.00211635, -0.00144501, 0.00000000, 0.00000000, 0.00000000, 0.00000000
1, 2.7400, 131, 0.60100156, -0.46576607, -0.64935446, -0.01895542, -0.04978360, 0.02286389, 42.82927704, -6.90787029, -7.86107445, 35.56905746, 37.03467178, 88.10476685, 0.71637696, 0.00211873, -0.41872728, -0.55809230, 0.00134774, 0.00149274, 0.00002739, 0.00000000, 0.00000000, 0.00000000, 0.00000000
1, 2.7500, 132, 0.60021859, -0.46623704, -0.64825541, 0.01754563, -0.15461457, 0.09182733, 43.03301620, -6.09941769, -8.03940201, 35.57495499, 37.02954483, 88.17070007, 0.71605653, 0.00229160, -0.41872874, -0.55850160, 0.00204076, 0.00183653, -0.00106415, 0.00000000, 0.00000000, 0.00000000, 0.00000000
1, 2.7600, 133, 0.60027128, -0.46710920, -0.64960676, -0.01888682, -0.06720602, 0.02266269, 42.68374634, -6.41702509, -7.95024014, 35.58561707, 37.01855850, 88.27050018, 0.71557158, 0.00252270, -0.41872293, -0.55912614, 0.00187758, 0.00256862, 0.00028484, 0.00000000, 0.00000000, 0.00000000, 0.00000000
1, 2.7700, 134, 0.59977865, -0.46674022, -0.65005660, -0.01959425, 0.02011853, -0.01155533, 42.77106476, -6.50364399, -8.21772861, 35.59464645, 37.00400162, 88.38341522, 0.71502239, 0.00279017, -0.41869068, -0.55985117, 0.00217910, 0.00199056, 0.00070722, 0.00000000, 0.00000000, 0.00000000, 0.00000000
1, 2.7800, 135, 0.60036290, -0.46716994, -0.64960808, 0.01537832, 0.07262049, -0.02884114, 42.77106476, -6.53251791, -7.62330770, 35.60180664, 36.99905014, 88.45042419, 0.71469569, 0.00296011, -0.41869897, -0.56026113, 0.00146966, 0.00228816, 0.00023721, 0.00000000, 0.00000000, 0.00000000, 0.00000000
1, 2.7900, 136, 0.60064065, -0.46650362, -0.64896286, -0.05511556, 0.10699587, 0.00734009, 42.77106476, -6.53251791, -7.62330770, 35.60770798, 36.99612045, 88.51975250, 0.71435714, 0.00315881, -0.41871122, -0.56068254, 0.00113773, 0.00152072, -0.00038573, 0.00000000, 0.00000000, 0.00000000, 0.00000000
1, 2.8000, 137, 0.60162461, -0.46727061, -0.64821595, 0.03442635, 0.00235763, 0.07588744, 43.06212234, -6.04167128, -7.95024014, 35.62216568, 36.99512100, 88.60078430, 0.71396101, 0.00335868, -0.41877457, -0.56113839, 0.00012065, 0.00216164, -0.00107308, 0.00000000, 0.00000000, 0.00000000, 0.00000000
1, 2.8100, 138, 0.60076851, -0.46669272, -0.64829487, -0.01911410, -0.10183837, -0.01296373, 43.14944077, -6.59026432, -8.21772861, 35.62921143, 36.99173355, 88.66339111, 0.71365494, 0.00352287, -0.41879016, -0.56151503, 0.00094800, 0.00143771, -0.00091635, 0.00000000, 0.00000000, 0.00000000, 0.00000000
1, 2.8200, 139, 0.60058284, -0.46705526, -0.64875466, 0.03353876, -0.04927215, -0.03038825, 43.99351120, -6.82125139, -7.77191305, 35.63556290, 36.98731995, 88.72997284, 0.71332926, 0.00369972, -0.41879696, -0.56192249, 0.00107765, 0.00170399, -0.00043935, 0.00000000, 0.00000000, 0.00000000, 0.00000000
1, 2.8300, 140, 0.59957898, -0.46681824, -0.64834797, -0.00145736, -0.04961312, 0.00511318, 42.56732559, -6.76350546, -7.77191305, 35.64124298, 36.98252487, 88.79066467, 0.71303225, 0.00385684, -0.41879866, -0.56229693, 0.00201344, 0.00135802, -0.00083105, 0.00000000, 0.00000000, 0.00000000, 0.00000000
1, 2.8400, 141, 0.60033506, -0.46671686, -0.64911520, -0.03620265, -0.06748275, 0.05802542, 42.56732559, -6.76350546, -7.77191305, 35.64449692, 36.97850418, 88.84737396, 0.71275443, 0.00401922, -0.41879240, -0.56265253, 0.00119974, 0.00120194, -0.00007801, 0.00000000, 0.00000000, 0.00000000, 0.00000000
1, 2.8500, 142, 0.60024720, -0.46644768, -0.64856279, -0.01966284, 0.03754093, -0.01135413, 43.49871063, -6.90787029, -7.74219131, 35.65029526, 36.97539139, 88.93000793, 0.71234906, 0.00426614, -0.41880220, -0.56315655, 0.00123988, 0.00085098, -0.00061592, 0.00000000, 0.00000000, 0.00000000, 0.00000000
1, 2.8600, 143, 0.60003352, -0.46571791, -0.64834011, -0.03766254, 0.07242776, -0.02842504, 42.45089722, -6.61913824, -7.59358597, 35.65340424, 36.97406387, 88.99349213, 0.71203721, 0.00447069, -0.41880840, -0.56354457, 0.00143212, 0.00008222, -0.00083058, 0.00000000, 0.00000000, 0.00000000, 0.00000000
1, 2.8700, 144, 0.60022175, -0.46663642, -0.64798510, -0.03700016, -0.04963536, -0.01222143, 42.80017090, -6.67688465, -6.99916887, 35.65721893, 36.97228241, 89.04512024, 0.71178359, 0.00462475, -0.41881618, -0.56385791, 0.00121480, 0.00093769, -0.00116721, 0.00000000, 0.00000000, 0.00000000, 0.00000000
1, 3.1100, 145, 0.60000283, -0.46638715, -0.64859080, 0.05183433, -0.06694906, 0.02210789, 42.91659546, -6.59026432, -7.86107445, 35.70424652, 36.94128418, 89.87362671, 0.70769358, 0.00717121, -0.41885096, -0.56893075, 0.00099345, -0.00005939, -0.00043239, 0.00000000, 0.00000000, 0.00000000, 0.00000000
1, 3.1200, 146, 0.60064048, -0.46644258, -0.64896226, -0.09136372, 0.05523760, -0.09865818, 42.91659546, -6.59026432, -7.86107445, 35.70313263, 36.94174194, 89.88722992, 0.70762593, 0.00723065, -0.41884688, -0.56901717, 0.00035526, 0.00000084, -0.00006485, 0.00000000, 0.00000000, 0.00000000, 0.00000000
1, 3.1300, 147, 0.60118860, -0.46683517, -0.64921451, -0.00248420, 0.07266250, -0.04631445, 42.80017090, -6.33040476, -8.51493931, 35.70383072, 36.94245911, 89.90396118, 0.70754290, 0.00729186, -0.41885290, -0.56911534, -0.00018252, 0.00040698, 0.00018713, 0.00000000, 0.00000000, 0.00000000, 0.00000000
1, 3.1400, 148, 0.60076702, -0.46696481, -0.64857215, -0.07249791, -0.01491902, -0.01154163, 42.53821945, -6.59026432, -7.89079618, 35.70463943, 36.94228363, 89.91768646, 0.70747471, 0.00733602, -0.41885510, -0.56919777, 0.00025043, 0.00052754, -0.00043817, 0.00000000, 0.00000000, 0.00000000, 0.00000000
1, 3.1500, 149, 0.60137868, -0.46696478, -0.64836335, -0.10710603, -0.06763347, 0.04096821, 42.80017090, -6.99449062, -7.71247339, 35.70498657, 36.94227219, 89.93376923, 0.70739490, 0.00739255, -0.41885573, -0.56929582, -0.00037241, 0.00051702, -0.00064971, 0.00000000, 0.00000000, 0.00000000, 0.00000000
1, 3.1600, 150, 0.60104060, -0.46662816, -0.64857078, 0.01738490, -0.06760874, 0.11044534, 43.29496765, -6.99449062, -8.03940201, 35.70640564, 36.94136047, 89.95297241, 0.70729965, 0.00744830, -0.41885704, -0.56941253, -0.00003785, 0.00016797, -0.00043662, 0.00000000, 0.00000000, 0.00000000, 0.00000000
1, 3.1700, 151, 0.60015446, -0.46659857, -0.64877713, -0.01909260, -0.01493878, 0.02326629, 42.59642792, -8.75576305, -7.68275118, 35.70607376, 36.93982315, 89.98749542, 0.70712811, 0.00756711, -0.41884544, -0.56963235, 0.00082287, 0.00012372, -0.00024331, 0.00000000, 0.00000000, 0.00000000, 0.00000000
1, 3.1800, 152, 0.60085094, -0.46683371, -0.64948636, -0.00180033, 0.03749894, 0.00611918, 42.59642792, -8.75576305, -7.68275118, 35.70676422, 36.93865967, 90.03987885, 0.70686775, 0.00774716, -0.41883960, -0.56995732, 0.00011583, 0.00035013, 0.00046249, 0.00000000, 0.00000000, 0.00000000, 0.00000000
1, 3.1900, 153, 0.60085350, -0.46662381, -0.64908773, -0.01977648, 0.02022477, -0.02916734, 42.71285629, -7.74519682, -7.62330770, 35.70723343, 36.93846130, 90.09358215, 0.70660067, 0.00793925, -0.41883728, -0.57028753, 0.00010550, 0.00012727, 0.00006597, 0.00000000, 0.00000000, 0.00000000, 0.00000000
1, 3.2000, 154, 0.60104275, -0.46687406, -0.64839035, -0.03686504, 0.05458039, 0.04182181, 43.12033844, -7.62970448, -7.56386805, 35.71031952, 36.93894958, 90.15098572, 0.70631504, 0.00813311, -0.41885105, -0.57062835, -0.00008446, 0.00035784, -0.00061801, 0.00000000, 0.00000000, 0.00000000, 0.00000000
1, 3.2100, 155, 0.60089171, -0.46724141, -0.64833200, 0.01608574, -0.01470405, 0.00537688, 43.03301620, -7.48533726, -7.68275118, 35.71292877, 36.93880081, 90.19884491, 0.70607680, 0.00829105, -0.41885984, -0.57091433, 0.00007026, 0.00069543, -0.00065152, 0.00000000, 0.00000000, 0.00000000, 0.00000000
1, 3.2200, 156, 0.60089397, -0.46675739, -0.64786953, -0.01911410, -0.10183838, -0.01296373, 43.41139221, -6.56139040, -7.41526270, 35.71407318, 36.93883133, 90.23534393, 0.70589501, 0.00841764, -0.41886306, -0.57113492, 0.00007705, 0.00019231, -0.00109173, 0.00000000, 0.00000000, 0.00000000, 0.00000000
1, 3.2300, 157, 0.60097241, -0.46634582, -0.64939076, -0.01897896, 0.00237739, 0.04107951, 43.41139221, -6.56139040, -7.41526270, 35.71217346, 36.93816757, 90.27910614, 0.70567679, 0.00858517, -0.41884705, -0.57141376, -0.00002085, -0.00021164, 0.00040585, 0.00000000, 0.00000000, 0.00000000, 0.00000000
1, 3.2400, 158, 0.60034305, -0.46709153, -0.64823472, 0.01638160, 0.00250588, 0.04080210, 42.85837936, -7.45646334, -8.03940201, 35.71472549, 36.93743896, 90.31723785, 0.70548683, 0.00870430, -0.41885331, -0.57164192, 0.00060284, 0.00051628, -0.00074260, 0.00000000, 0.00000000, 0.00000000, 0.00000000
1, 3.2500, 159, 0.59963429, -0.46705469, -0.64914382, -0.03725098, -0.03210671, -0.02963224, 42.48000717, -7.80294323, -7.68275118, 35.71475220, 36.93535614, 90.35154724, 0.70531577, 0.00881665, -0.41884047, -0.57186061, 0.00129345, 0.00046197, 0.00016226, 0.00000000, 0.00000000, 0.00000000, 0.00000000
1, 3.2600, 160, 0.60049200, -0.46757355, -0.64885080, 0.01526468, 0.05530433, -0.04665435, 43.00391006, -7.05223703, -7.80163479, 35.71681976, 36.93500137, 90.38584137, 0.70514476, 0.00892711, -0.41884640, -0.57206541, 0.00041933, 0.00095672, -0.00012855, 0.00000000, 0.00000000, 0.00000000, 0.00000000
1, 3.2700, 161, 0.60082453, -0.46629110, -0.64877909, -0.01957070, -0.03204247, -0.02977094, 43.20765305, -7.42759132, -7.23693562, 35.71580124, 36.93522263, 90.42215729, 0.70496333, 0.00906746, -0.41883957, -0.57229173, 0.00008942, -0.00032303, -0.00019984, 0.00000000, 0.00000000, 0.00000000, 0.00000000
1, 3.2800, 162, 0.60113299, -0.46732867, -0.64870077, -0.01982152, -0.01451381, -0.04718175, 42.85837936, -7.57195807, -7.44498062, 35.71644592, 36.93556595, 90.46094513, 0.70476961, 0.00920741, -0.41884136, -0.57252681, -0.00022003, 0.00071773, -0.00028151, 0.00000000, 0.00000000, 0.00000000, 0.00000000
1, 3.2900, 163, 0.60052776, -0.46782312, -0.64827418, -0.03590678, -0.05027281, 0.09345065, 42.85837936, -7.57195807, -7.44498062, 35.71913910, 36.93404770, 90.49512482, 0.70459914, 0.00930637, -0.41884458, -0.57273269, 0.00037621, 0.00117941, -0.00069280, 0.00000000, 0.00000000, 0.00000000, 0.00000000
1, 3.3000, 164, 0.60024571, -0.46717611, -0.64899725, -0.00132018, -0.08445795, 0.00471078, 43.12033844, -6.85012388, -7.38554096, 35.72026062, 36.93148422, 90.53301239, 0.70440996, 0.00942208, -0.41883442, -0.57297087, 0.00062150, 0.00049595, 0.00002256, 0.00000000, 0.00000000, 0.00000000, 0.00000000
1, 3.3100, 165, 0.60137129, -0.46592152, -0.64893198, 0.03347015, -0.03184974, -0.03018705, 43.14944077, -5.78181171, -7.68275118, 35.71852875, 36.93276215, 90.56114960, 0.70426905, 0.00954345, -0.41882971, -0.57314545, -0.00050476, -0.00074787, -0.00005116, 0.00000000, 0.00000000, 0.00000000, 0.00000000
1, 3.3200, 166, 0.59853435, -0.46626481, -0.64912713, -0.02000375, -0.01440757, -0.06479377, 43.06212234, -7.57195807, -7.83135653, 35.71635056, 36.92914200, 90.58219147, 0.70416373, 0.00961130, -0.41879916, -0.57329595, 0.00230554, -0.00039282, 0.00011083, 0.00000000, 0.00000000, 0.00000000, 0.00000000
1, 3.3300, 167, 0.60073483, -0.46659774, -0.64865959, -0.02014093, 0.02043725, -0.06439137, 42.50911331, -6.56139040, -7.65302944, 35.71598816, 36.92986679, 90.60786438, 0.70403522, 0.00971190, -0.41879877, -0.57345241, 0.00009753, -0.00005106, -0.00036995, 0.00000000, 0.00000000, 0.00000000, 0.00000000
1, 3.3400, 168, 0.60067552, -0.46678254, -0.64850855, 0.01638161, 0.00250587, 0.04080210, 43.12033844, -6.15716362, -7.74219131, 35.71857834, 36.93029404, 90.63675690, 0.70389080, 0.00980422, -0.41881138, -0.57361883, 0.00016184, 0.00012767, -0.00051202, 0.00000000, 0.00000000, 0.00000000, 0.00000000
1, 3.3500, 169, 0.60120237, -0.46703425, -0.64753932, 0.01638161, 0.00250587, 0.04080210, 43.12033844, -6.15716362, -7.74219131, 35.72386932, 36.93215561, 90.66033936, 0.70377314, 0.00986946, -0.41884506, -0.57373756, -0.00033708, 0.00032164, -0.00141393, 0.00000000, 0.00000000, 0.00000000, 0.00000000
1, 3.3600, 170, 0.59966594, -0.46611273, -0.64867687, -0.00050117, -0.01540575, 0.11118766, 42.48000717, -6.44589758, -7.97996187, 35.72381592, 36.93071365, 90.67194366, 0.70371509, 0.00990328, -0.41883665, -0.57381427, 0.00118844, -0.00061671, -0.00027438, 0.00000000, 0.00000000, 0.00000000, 0.00000000
1, 3.3700, 171, 0.60042697, -0.46686918, -0.64911753, -0.00127513, -0.04971936, 0.02272519, 42.56732559, -6.27265835, -7.68275118, 35.72389221, 36.92963791, 90.68165588, 0.70366651, 0.00993160, -0.41883090, -0.57387757, 0.00041910, 0.00013494, 0.00016205, 0.00000000, 0.00000000, 0.00000000, 0.00000000
1, 3.3800, 172, 0.60035992, -0.46604064, -0.64959633, 0.01661093, -0.10192236, 0.02198289, 42.62553406, -6.70575714, -7.62330770, 35.72189331, 36.92807388, 90.68760681, 0.70363659, 0.00995596, -0.41881263, -0.57392716, 0.00046162, -0.00068698, 0.00061347, 0.00000000, 0.00000000, 0.00000000, 0.00000000
